-- 自动生成：从 audio-data.json 迁移数据到 D1
-- 生成时间: 2026-02-27T09:05:49.475Z

-- 清空现有数据（按依赖顺序）
DELETE FROM play_logs;
DELETE FROM appreciations;
DELETE FROM episodes;
DELETE FROM series;
DELETE FROM categories;

-- 分类: 听经台
INSERT INTO categories (id, title, title_en, sort_order) VALUES ('tingjingtai', '听经台', 'Dharma Lectures', 1);

-- 系列: 净土资粮信愿行（正编） (6 集)
INSERT INTO series (id, category_id, title, title_en, speaker, speaker_en, bucket, folder, total_episodes, intro, sort_order) VALUES ('xingyuanxing-zhengbian', 'tingjingtai', '净土资粮信愿行（正编）', 'Faith, Vow & Practice (Part 1)', '大安法师', 'Master Da''an', 'daanfashi', '净土资粮信愿行（正编）', 6, '阐述往生净土三资粮：信、愿、行的核心要义', 1);
INSERT INTO episodes (series_id, episode_num, title, file_name, url, intro, story_number) VALUES ('xingyuanxing-zhengbian', 1, '第1讲', '净土资粮信愿行（正编）第1讲.mp3', 'https://pub-7be57e30faae4f81bbd76b61006ac8fc.r2.dev/%E5%87%80%E5%9C%9F%E8%B5%84%E7%B2%AE%E4%BF%A1%E6%84%BF%E8%A1%8C%EF%BC%88%E6%AD%A3%E7%BC%96%EF%BC%89/%E5%87%80%E5%9C%9F%E8%B5%84%E7%B2%AE%E4%BF%A1%E6%84%BF%E8%A1%8C%EF%BC%88%E6%AD%A3%E7%BC%96%EF%BC%89%E7%AC%AC1%E8%AE%B2.mp3', NULL, NULL);
INSERT INTO episodes (series_id, episode_num, title, file_name, url, intro, story_number) VALUES ('xingyuanxing-zhengbian', 2, '第2讲', '净土资粮信愿行（正编）第2讲.mp3', 'https://pub-7be57e30faae4f81bbd76b61006ac8fc.r2.dev/%E5%87%80%E5%9C%9F%E8%B5%84%E7%B2%AE%E4%BF%A1%E6%84%BF%E8%A1%8C%EF%BC%88%E6%AD%A3%E7%BC%96%EF%BC%89/%E5%87%80%E5%9C%9F%E8%B5%84%E7%B2%AE%E4%BF%A1%E6%84%BF%E8%A1%8C%EF%BC%88%E6%AD%A3%E7%BC%96%EF%BC%89%E7%AC%AC2%E8%AE%B2.mp3', NULL, NULL);
INSERT INTO episodes (series_id, episode_num, title, file_name, url, intro, story_number) VALUES ('xingyuanxing-zhengbian', 3, '第3讲', '净土资粮信愿行（正编）第3讲.mp3', 'https://pub-7be57e30faae4f81bbd76b61006ac8fc.r2.dev/%E5%87%80%E5%9C%9F%E8%B5%84%E7%B2%AE%E4%BF%A1%E6%84%BF%E8%A1%8C%EF%BC%88%E6%AD%A3%E7%BC%96%EF%BC%89/%E5%87%80%E5%9C%9F%E8%B5%84%E7%B2%AE%E4%BF%A1%E6%84%BF%E8%A1%8C%EF%BC%88%E6%AD%A3%E7%BC%96%EF%BC%89%E7%AC%AC3%E8%AE%B2.mp3', NULL, NULL);
INSERT INTO episodes (series_id, episode_num, title, file_name, url, intro, story_number) VALUES ('xingyuanxing-zhengbian', 4, '第4讲', '净土资粮信愿行（正编）第4讲.mp3', 'https://pub-7be57e30faae4f81bbd76b61006ac8fc.r2.dev/%E5%87%80%E5%9C%9F%E8%B5%84%E7%B2%AE%E4%BF%A1%E6%84%BF%E8%A1%8C%EF%BC%88%E6%AD%A3%E7%BC%96%EF%BC%89/%E5%87%80%E5%9C%9F%E8%B5%84%E7%B2%AE%E4%BF%A1%E6%84%BF%E8%A1%8C%EF%BC%88%E6%AD%A3%E7%BC%96%EF%BC%89%E7%AC%AC4%E8%AE%B2.mp3', NULL, NULL);
INSERT INTO episodes (series_id, episode_num, title, file_name, url, intro, story_number) VALUES ('xingyuanxing-zhengbian', 5, '第5讲', '净土资粮信愿行（正编）第5讲.mp3', 'https://pub-7be57e30faae4f81bbd76b61006ac8fc.r2.dev/%E5%87%80%E5%9C%9F%E8%B5%84%E7%B2%AE%E4%BF%A1%E6%84%BF%E8%A1%8C%EF%BC%88%E6%AD%A3%E7%BC%96%EF%BC%89/%E5%87%80%E5%9C%9F%E8%B5%84%E7%B2%AE%E4%BF%A1%E6%84%BF%E8%A1%8C%EF%BC%88%E6%AD%A3%E7%BC%96%EF%BC%89%E7%AC%AC5%E8%AE%B2.mp3', NULL, NULL);
INSERT INTO episodes (series_id, episode_num, title, file_name, url, intro, story_number) VALUES ('xingyuanxing-zhengbian', 6, '第6讲', '净土资粮信愿行（正编）第6讲.mp3', 'https://pub-7be57e30faae4f81bbd76b61006ac8fc.r2.dev/%E5%87%80%E5%9C%9F%E8%B5%84%E7%B2%AE%E4%BF%A1%E6%84%BF%E8%A1%8C%EF%BC%88%E6%AD%A3%E7%BC%96%EF%BC%89/%E5%87%80%E5%9C%9F%E8%B5%84%E7%B2%AE%E4%BF%A1%E6%84%BF%E8%A1%8C%EF%BC%88%E6%AD%A3%E7%BC%96%EF%BC%89%E7%AC%AC6%E8%AE%B2.mp3', NULL, NULL);

-- 系列: 净土资粮信愿行（续编） (6 集)
INSERT INTO series (id, category_id, title, title_en, speaker, speaker_en, bucket, folder, total_episodes, intro, sort_order) VALUES ('xingyuanxing-xubian', 'tingjingtai', '净土资粮信愿行（续编）', 'Faith, Vow & Practice (Part 2)', '大安法师', 'Master Da''an', 'daanfashi', '净土资粮信愿行（续编）', 6, '深入展开信愿行三资粮的修学细节与疑难辨析', 2);
INSERT INTO episodes (series_id, episode_num, title, file_name, url, intro, story_number) VALUES ('xingyuanxing-xubian', 1, '第1讲', '净土资粮信愿行（续编）第1讲.mp3', 'https://pub-7be57e30faae4f81bbd76b61006ac8fc.r2.dev/%E5%87%80%E5%9C%9F%E8%B5%84%E7%B2%AE%E4%BF%A1%E6%84%BF%E8%A1%8C%EF%BC%88%E7%BB%AD%E7%BC%96%EF%BC%89/%E5%87%80%E5%9C%9F%E8%B5%84%E7%B2%AE%E4%BF%A1%E6%84%BF%E8%A1%8C%EF%BC%88%E7%BB%AD%E7%BC%96%EF%BC%89%E7%AC%AC1%E8%AE%B2.mp3', NULL, NULL);
INSERT INTO episodes (series_id, episode_num, title, file_name, url, intro, story_number) VALUES ('xingyuanxing-xubian', 2, '第2讲', '净土资粮信愿行（续编）第2讲.mp3', 'https://pub-7be57e30faae4f81bbd76b61006ac8fc.r2.dev/%E5%87%80%E5%9C%9F%E8%B5%84%E7%B2%AE%E4%BF%A1%E6%84%BF%E8%A1%8C%EF%BC%88%E7%BB%AD%E7%BC%96%EF%BC%89/%E5%87%80%E5%9C%9F%E8%B5%84%E7%B2%AE%E4%BF%A1%E6%84%BF%E8%A1%8C%EF%BC%88%E7%BB%AD%E7%BC%96%EF%BC%89%E7%AC%AC2%E8%AE%B2.mp3', NULL, NULL);
INSERT INTO episodes (series_id, episode_num, title, file_name, url, intro, story_number) VALUES ('xingyuanxing-xubian', 3, '第3讲', '净土资粮信愿行（续编）第3讲.mp3', 'https://pub-7be57e30faae4f81bbd76b61006ac8fc.r2.dev/%E5%87%80%E5%9C%9F%E8%B5%84%E7%B2%AE%E4%BF%A1%E6%84%BF%E8%A1%8C%EF%BC%88%E7%BB%AD%E7%BC%96%EF%BC%89/%E5%87%80%E5%9C%9F%E8%B5%84%E7%B2%AE%E4%BF%A1%E6%84%BF%E8%A1%8C%EF%BC%88%E7%BB%AD%E7%BC%96%EF%BC%89%E7%AC%AC3%E8%AE%B2.mp3', NULL, NULL);
INSERT INTO episodes (series_id, episode_num, title, file_name, url, intro, story_number) VALUES ('xingyuanxing-xubian', 4, '第4讲', '净土资粮信愿行（续编）第4讲.mp3', 'https://pub-7be57e30faae4f81bbd76b61006ac8fc.r2.dev/%E5%87%80%E5%9C%9F%E8%B5%84%E7%B2%AE%E4%BF%A1%E6%84%BF%E8%A1%8C%EF%BC%88%E7%BB%AD%E7%BC%96%EF%BC%89/%E5%87%80%E5%9C%9F%E8%B5%84%E7%B2%AE%E4%BF%A1%E6%84%BF%E8%A1%8C%EF%BC%88%E7%BB%AD%E7%BC%96%EF%BC%89%E7%AC%AC4%E8%AE%B2.mp3', NULL, NULL);
INSERT INTO episodes (series_id, episode_num, title, file_name, url, intro, story_number) VALUES ('xingyuanxing-xubian', 5, '第5讲', '净土资粮信愿行（续编）第5讲.mp3', 'https://pub-7be57e30faae4f81bbd76b61006ac8fc.r2.dev/%E5%87%80%E5%9C%9F%E8%B5%84%E7%B2%AE%E4%BF%A1%E6%84%BF%E8%A1%8C%EF%BC%88%E7%BB%AD%E7%BC%96%EF%BC%89/%E5%87%80%E5%9C%9F%E8%B5%84%E7%B2%AE%E4%BF%A1%E6%84%BF%E8%A1%8C%EF%BC%88%E7%BB%AD%E7%BC%96%EF%BC%89%E7%AC%AC5%E8%AE%B2.mp3', NULL, NULL);
INSERT INTO episodes (series_id, episode_num, title, file_name, url, intro, story_number) VALUES ('xingyuanxing-xubian', 6, '第6讲', '净土资粮信愿行（续编）第6讲.mp3', 'https://pub-7be57e30faae4f81bbd76b61006ac8fc.r2.dev/%E5%87%80%E5%9C%9F%E8%B5%84%E7%B2%AE%E4%BF%A1%E6%84%BF%E8%A1%8C%EF%BC%88%E7%BB%AD%E7%BC%96%EF%BC%89/%E5%87%80%E5%9C%9F%E8%B5%84%E7%B2%AE%E4%BF%A1%E6%84%BF%E8%A1%8C%EF%BC%88%E7%BB%AD%E7%BC%96%EF%BC%89%E7%AC%AC6%E8%AE%B2.mp3', NULL, NULL);

-- 系列: 大势至菩萨念佛圆通章 (4 集)
INSERT INTO series (id, category_id, title, title_en, speaker, speaker_en, bucket, folder, total_episodes, intro, sort_order) VALUES ('dashizhi-yuantongzhang', 'tingjingtai', '大势至菩萨念佛圆通章', 'Mahasthamaprapta''s Perfect Mastery', '大安法师', 'Master Da''an', 'daanfashi', '大势至菩萨念佛圆通章', 4, '讲解《楞严经》大势至菩萨以念佛证圆通之法要', 3);
INSERT INTO episodes (series_id, episode_num, title, file_name, url, intro, story_number) VALUES ('dashizhi-yuantongzhang', 1, '第1讲', '大势至菩萨念佛圆通章 第1讲.mp3', 'https://pub-7be57e30faae4f81bbd76b61006ac8fc.r2.dev/%E5%A4%A7%E5%8A%BF%E8%87%B3%E8%8F%A9%E8%90%A8%E5%BF%B5%E4%BD%9B%E5%9C%86%E9%80%9A%E7%AB%A0/%E5%A4%A7%E5%8A%BF%E8%87%B3%E8%8F%A9%E8%90%A8%E5%BF%B5%E4%BD%9B%E5%9C%86%E9%80%9A%E7%AB%A0%20%E7%AC%AC1%E8%AE%B2.mp3', NULL, NULL);
INSERT INTO episodes (series_id, episode_num, title, file_name, url, intro, story_number) VALUES ('dashizhi-yuantongzhang', 2, '第2讲', '大势至菩萨念佛圆通章 第2讲.mp3', 'https://pub-7be57e30faae4f81bbd76b61006ac8fc.r2.dev/%E5%A4%A7%E5%8A%BF%E8%87%B3%E8%8F%A9%E8%90%A8%E5%BF%B5%E4%BD%9B%E5%9C%86%E9%80%9A%E7%AB%A0/%E5%A4%A7%E5%8A%BF%E8%87%B3%E8%8F%A9%E8%90%A8%E5%BF%B5%E4%BD%9B%E5%9C%86%E9%80%9A%E7%AB%A0%20%E7%AC%AC2%E8%AE%B2.mp3', NULL, NULL);
INSERT INTO episodes (series_id, episode_num, title, file_name, url, intro, story_number) VALUES ('dashizhi-yuantongzhang', 3, '第3讲', '大势至菩萨念佛圆通章 第3讲.mp3', 'https://pub-7be57e30faae4f81bbd76b61006ac8fc.r2.dev/%E5%A4%A7%E5%8A%BF%E8%87%B3%E8%8F%A9%E8%90%A8%E5%BF%B5%E4%BD%9B%E5%9C%86%E9%80%9A%E7%AB%A0/%E5%A4%A7%E5%8A%BF%E8%87%B3%E8%8F%A9%E8%90%A8%E5%BF%B5%E4%BD%9B%E5%9C%86%E9%80%9A%E7%AB%A0%20%E7%AC%AC3%E8%AE%B2.mp3', NULL, NULL);
INSERT INTO episodes (series_id, episode_num, title, file_name, url, intro, story_number) VALUES ('dashizhi-yuantongzhang', 4, '第4讲', '大势至菩萨念佛圆通章 第4讲.mp3', 'https://pub-7be57e30faae4f81bbd76b61006ac8fc.r2.dev/%E5%A4%A7%E5%8A%BF%E8%87%B3%E8%8F%A9%E8%90%A8%E5%BF%B5%E4%BD%9B%E5%9C%86%E9%80%9A%E7%AB%A0/%E5%A4%A7%E5%8A%BF%E8%87%B3%E8%8F%A9%E8%90%A8%E5%BF%B5%E4%BD%9B%E5%9C%86%E9%80%9A%E7%AB%A0%20%E7%AC%AC4%E8%AE%B2.mp3', NULL, NULL);

-- 系列: 观经四帖疏 (43 集)
INSERT INTO series (id, category_id, title, title_en, speaker, speaker_en, bucket, folder, total_episodes, intro, sort_order) VALUES ('guanjing-sitieshu', 'tingjingtai', '观经四帖疏', 'Commentary on the Contemplation Sutra', '大安法师', 'Master Da''an', 'daanfashi', '观经四帖疏', 43, '详解善导大师《观经四帖疏》的净土思想与修观方法', 4);
INSERT INTO episodes (series_id, episode_num, title, file_name, url, intro, story_number) VALUES ('guanjing-sitieshu', 1, '第1讲', '观经四帖疏 第1讲.mp3', 'https://pub-7be57e30faae4f81bbd76b61006ac8fc.r2.dev/%E8%A7%82%E7%BB%8F%E5%9B%9B%E5%B8%96%E7%96%8F/%E8%A7%82%E7%BB%8F%E5%9B%9B%E5%B8%96%E7%96%8F%20%E7%AC%AC1%E8%AE%B2.mp3', NULL, NULL);
INSERT INTO episodes (series_id, episode_num, title, file_name, url, intro, story_number) VALUES ('guanjing-sitieshu', 2, '第2讲', '观经四帖疏 第2讲.mp3', 'https://pub-7be57e30faae4f81bbd76b61006ac8fc.r2.dev/%E8%A7%82%E7%BB%8F%E5%9B%9B%E5%B8%96%E7%96%8F/%E8%A7%82%E7%BB%8F%E5%9B%9B%E5%B8%96%E7%96%8F%20%E7%AC%AC2%E8%AE%B2.mp3', NULL, NULL);
INSERT INTO episodes (series_id, episode_num, title, file_name, url, intro, story_number) VALUES ('guanjing-sitieshu', 3, '第3讲', '观经四帖疏 第3讲.mp3', 'https://pub-7be57e30faae4f81bbd76b61006ac8fc.r2.dev/%E8%A7%82%E7%BB%8F%E5%9B%9B%E5%B8%96%E7%96%8F/%E8%A7%82%E7%BB%8F%E5%9B%9B%E5%B8%96%E7%96%8F%20%E7%AC%AC3%E8%AE%B2.mp3', NULL, NULL);
INSERT INTO episodes (series_id, episode_num, title, file_name, url, intro, story_number) VALUES ('guanjing-sitieshu', 4, '第4讲', '观经四帖疏 第4讲.mp3', 'https://pub-7be57e30faae4f81bbd76b61006ac8fc.r2.dev/%E8%A7%82%E7%BB%8F%E5%9B%9B%E5%B8%96%E7%96%8F/%E8%A7%82%E7%BB%8F%E5%9B%9B%E5%B8%96%E7%96%8F%20%E7%AC%AC4%E8%AE%B2.mp3', NULL, NULL);
INSERT INTO episodes (series_id, episode_num, title, file_name, url, intro, story_number) VALUES ('guanjing-sitieshu', 5, '第5讲', '观经四帖疏 第5讲.mp3', 'https://pub-7be57e30faae4f81bbd76b61006ac8fc.r2.dev/%E8%A7%82%E7%BB%8F%E5%9B%9B%E5%B8%96%E7%96%8F/%E8%A7%82%E7%BB%8F%E5%9B%9B%E5%B8%96%E7%96%8F%20%E7%AC%AC5%E8%AE%B2.mp3', NULL, NULL);
INSERT INTO episodes (series_id, episode_num, title, file_name, url, intro, story_number) VALUES ('guanjing-sitieshu', 6, '第6讲', '观经四帖疏 第6讲.mp3', 'https://pub-7be57e30faae4f81bbd76b61006ac8fc.r2.dev/%E8%A7%82%E7%BB%8F%E5%9B%9B%E5%B8%96%E7%96%8F/%E8%A7%82%E7%BB%8F%E5%9B%9B%E5%B8%96%E7%96%8F%20%E7%AC%AC6%E8%AE%B2.mp3', NULL, NULL);
INSERT INTO episodes (series_id, episode_num, title, file_name, url, intro, story_number) VALUES ('guanjing-sitieshu', 7, '第7讲', '观经四帖疏 第7讲.mp3', 'https://pub-7be57e30faae4f81bbd76b61006ac8fc.r2.dev/%E8%A7%82%E7%BB%8F%E5%9B%9B%E5%B8%96%E7%96%8F/%E8%A7%82%E7%BB%8F%E5%9B%9B%E5%B8%96%E7%96%8F%20%E7%AC%AC7%E8%AE%B2.mp3', NULL, NULL);
INSERT INTO episodes (series_id, episode_num, title, file_name, url, intro, story_number) VALUES ('guanjing-sitieshu', 8, '第8讲', '观经四帖疏 第8讲.mp3', 'https://pub-7be57e30faae4f81bbd76b61006ac8fc.r2.dev/%E8%A7%82%E7%BB%8F%E5%9B%9B%E5%B8%96%E7%96%8F/%E8%A7%82%E7%BB%8F%E5%9B%9B%E5%B8%96%E7%96%8F%20%E7%AC%AC8%E8%AE%B2.mp3', NULL, NULL);
INSERT INTO episodes (series_id, episode_num, title, file_name, url, intro, story_number) VALUES ('guanjing-sitieshu', 9, '第9讲', '观经四帖疏 第9讲.mp3', 'https://pub-7be57e30faae4f81bbd76b61006ac8fc.r2.dev/%E8%A7%82%E7%BB%8F%E5%9B%9B%E5%B8%96%E7%96%8F/%E8%A7%82%E7%BB%8F%E5%9B%9B%E5%B8%96%E7%96%8F%20%E7%AC%AC9%E8%AE%B2.mp3', NULL, NULL);
INSERT INTO episodes (series_id, episode_num, title, file_name, url, intro, story_number) VALUES ('guanjing-sitieshu', 10, '第10讲', '观经四帖疏 第10讲.mp3', 'https://pub-7be57e30faae4f81bbd76b61006ac8fc.r2.dev/%E8%A7%82%E7%BB%8F%E5%9B%9B%E5%B8%96%E7%96%8F/%E8%A7%82%E7%BB%8F%E5%9B%9B%E5%B8%96%E7%96%8F%20%E7%AC%AC10%E8%AE%B2.mp3', NULL, NULL);
INSERT INTO episodes (series_id, episode_num, title, file_name, url, intro, story_number) VALUES ('guanjing-sitieshu', 11, '第11讲', '观经四帖疏 第11讲.mp3', 'https://pub-7be57e30faae4f81bbd76b61006ac8fc.r2.dev/%E8%A7%82%E7%BB%8F%E5%9B%9B%E5%B8%96%E7%96%8F/%E8%A7%82%E7%BB%8F%E5%9B%9B%E5%B8%96%E7%96%8F%20%E7%AC%AC11%E8%AE%B2.mp3', NULL, NULL);
INSERT INTO episodes (series_id, episode_num, title, file_name, url, intro, story_number) VALUES ('guanjing-sitieshu', 12, '第12讲', '观经四帖疏 第12讲.mp3', 'https://pub-7be57e30faae4f81bbd76b61006ac8fc.r2.dev/%E8%A7%82%E7%BB%8F%E5%9B%9B%E5%B8%96%E7%96%8F/%E8%A7%82%E7%BB%8F%E5%9B%9B%E5%B8%96%E7%96%8F%20%E7%AC%AC12%E8%AE%B2.mp3', NULL, NULL);
INSERT INTO episodes (series_id, episode_num, title, file_name, url, intro, story_number) VALUES ('guanjing-sitieshu', 13, '第13讲', '观经四帖疏 第13讲.mp3', 'https://pub-7be57e30faae4f81bbd76b61006ac8fc.r2.dev/%E8%A7%82%E7%BB%8F%E5%9B%9B%E5%B8%96%E7%96%8F/%E8%A7%82%E7%BB%8F%E5%9B%9B%E5%B8%96%E7%96%8F%20%E7%AC%AC13%E8%AE%B2.mp3', NULL, NULL);
INSERT INTO episodes (series_id, episode_num, title, file_name, url, intro, story_number) VALUES ('guanjing-sitieshu', 14, '第14讲', '观经四帖疏 第14讲.mp3', 'https://pub-7be57e30faae4f81bbd76b61006ac8fc.r2.dev/%E8%A7%82%E7%BB%8F%E5%9B%9B%E5%B8%96%E7%96%8F/%E8%A7%82%E7%BB%8F%E5%9B%9B%E5%B8%96%E7%96%8F%20%E7%AC%AC14%E8%AE%B2.mp3', NULL, NULL);
INSERT INTO episodes (series_id, episode_num, title, file_name, url, intro, story_number) VALUES ('guanjing-sitieshu', 15, '第15讲', '观经四帖疏 第15讲.mp3', 'https://pub-7be57e30faae4f81bbd76b61006ac8fc.r2.dev/%E8%A7%82%E7%BB%8F%E5%9B%9B%E5%B8%96%E7%96%8F/%E8%A7%82%E7%BB%8F%E5%9B%9B%E5%B8%96%E7%96%8F%20%E7%AC%AC15%E8%AE%B2.mp3', NULL, NULL);
INSERT INTO episodes (series_id, episode_num, title, file_name, url, intro, story_number) VALUES ('guanjing-sitieshu', 16, '第16讲', '观经四帖疏 第16讲.mp3', 'https://pub-7be57e30faae4f81bbd76b61006ac8fc.r2.dev/%E8%A7%82%E7%BB%8F%E5%9B%9B%E5%B8%96%E7%96%8F/%E8%A7%82%E7%BB%8F%E5%9B%9B%E5%B8%96%E7%96%8F%20%E7%AC%AC16%E8%AE%B2.mp3', NULL, NULL);
INSERT INTO episodes (series_id, episode_num, title, file_name, url, intro, story_number) VALUES ('guanjing-sitieshu', 17, '第17讲', '观经四帖疏 第17讲.mp3', 'https://pub-7be57e30faae4f81bbd76b61006ac8fc.r2.dev/%E8%A7%82%E7%BB%8F%E5%9B%9B%E5%B8%96%E7%96%8F/%E8%A7%82%E7%BB%8F%E5%9B%9B%E5%B8%96%E7%96%8F%20%E7%AC%AC17%E8%AE%B2.mp3', NULL, NULL);
INSERT INTO episodes (series_id, episode_num, title, file_name, url, intro, story_number) VALUES ('guanjing-sitieshu', 18, '第18讲', '观经四帖疏 第18讲.mp3', 'https://pub-7be57e30faae4f81bbd76b61006ac8fc.r2.dev/%E8%A7%82%E7%BB%8F%E5%9B%9B%E5%B8%96%E7%96%8F/%E8%A7%82%E7%BB%8F%E5%9B%9B%E5%B8%96%E7%96%8F%20%E7%AC%AC18%E8%AE%B2.mp3', NULL, NULL);
INSERT INTO episodes (series_id, episode_num, title, file_name, url, intro, story_number) VALUES ('guanjing-sitieshu', 19, '第19讲', '观经四帖疏 第19讲.mp3', 'https://pub-7be57e30faae4f81bbd76b61006ac8fc.r2.dev/%E8%A7%82%E7%BB%8F%E5%9B%9B%E5%B8%96%E7%96%8F/%E8%A7%82%E7%BB%8F%E5%9B%9B%E5%B8%96%E7%96%8F%20%E7%AC%AC19%E8%AE%B2.mp3', NULL, NULL);
INSERT INTO episodes (series_id, episode_num, title, file_name, url, intro, story_number) VALUES ('guanjing-sitieshu', 20, '第20讲', '观经四帖疏 第20讲.mp3', 'https://pub-7be57e30faae4f81bbd76b61006ac8fc.r2.dev/%E8%A7%82%E7%BB%8F%E5%9B%9B%E5%B8%96%E7%96%8F/%E8%A7%82%E7%BB%8F%E5%9B%9B%E5%B8%96%E7%96%8F%20%E7%AC%AC20%E8%AE%B2.mp3', NULL, NULL);
INSERT INTO episodes (series_id, episode_num, title, file_name, url, intro, story_number) VALUES ('guanjing-sitieshu', 21, '第21讲', '观经四帖疏 第21讲.mp3', 'https://pub-7be57e30faae4f81bbd76b61006ac8fc.r2.dev/%E8%A7%82%E7%BB%8F%E5%9B%9B%E5%B8%96%E7%96%8F/%E8%A7%82%E7%BB%8F%E5%9B%9B%E5%B8%96%E7%96%8F%20%E7%AC%AC21%E8%AE%B2.mp3', NULL, NULL);
INSERT INTO episodes (series_id, episode_num, title, file_name, url, intro, story_number) VALUES ('guanjing-sitieshu', 22, '第22讲', '观经四帖疏 第22讲.mp3', 'https://pub-7be57e30faae4f81bbd76b61006ac8fc.r2.dev/%E8%A7%82%E7%BB%8F%E5%9B%9B%E5%B8%96%E7%96%8F/%E8%A7%82%E7%BB%8F%E5%9B%9B%E5%B8%96%E7%96%8F%20%E7%AC%AC22%E8%AE%B2.mp3', NULL, NULL);
INSERT INTO episodes (series_id, episode_num, title, file_name, url, intro, story_number) VALUES ('guanjing-sitieshu', 23, '第23讲', '观经四帖疏 第23讲.mp3', 'https://pub-7be57e30faae4f81bbd76b61006ac8fc.r2.dev/%E8%A7%82%E7%BB%8F%E5%9B%9B%E5%B8%96%E7%96%8F/%E8%A7%82%E7%BB%8F%E5%9B%9B%E5%B8%96%E7%96%8F%20%E7%AC%AC23%E8%AE%B2.mp3', NULL, NULL);
INSERT INTO episodes (series_id, episode_num, title, file_name, url, intro, story_number) VALUES ('guanjing-sitieshu', 24, '第24讲', '观经四帖疏 第24讲.mp3', 'https://pub-7be57e30faae4f81bbd76b61006ac8fc.r2.dev/%E8%A7%82%E7%BB%8F%E5%9B%9B%E5%B8%96%E7%96%8F/%E8%A7%82%E7%BB%8F%E5%9B%9B%E5%B8%96%E7%96%8F%20%E7%AC%AC24%E8%AE%B2.mp3', NULL, NULL);
INSERT INTO episodes (series_id, episode_num, title, file_name, url, intro, story_number) VALUES ('guanjing-sitieshu', 25, '第25讲', '观经四帖疏 第25讲.mp3', 'https://pub-7be57e30faae4f81bbd76b61006ac8fc.r2.dev/%E8%A7%82%E7%BB%8F%E5%9B%9B%E5%B8%96%E7%96%8F/%E8%A7%82%E7%BB%8F%E5%9B%9B%E5%B8%96%E7%96%8F%20%E7%AC%AC25%E8%AE%B2.mp3', NULL, NULL);
INSERT INTO episodes (series_id, episode_num, title, file_name, url, intro, story_number) VALUES ('guanjing-sitieshu', 26, '第26讲', '观经四帖疏 第26讲.mp3', 'https://pub-7be57e30faae4f81bbd76b61006ac8fc.r2.dev/%E8%A7%82%E7%BB%8F%E5%9B%9B%E5%B8%96%E7%96%8F/%E8%A7%82%E7%BB%8F%E5%9B%9B%E5%B8%96%E7%96%8F%20%E7%AC%AC26%E8%AE%B2.mp3', NULL, NULL);
INSERT INTO episodes (series_id, episode_num, title, file_name, url, intro, story_number) VALUES ('guanjing-sitieshu', 27, '第27讲', '观经四帖疏 第27讲.mp3', 'https://pub-7be57e30faae4f81bbd76b61006ac8fc.r2.dev/%E8%A7%82%E7%BB%8F%E5%9B%9B%E5%B8%96%E7%96%8F/%E8%A7%82%E7%BB%8F%E5%9B%9B%E5%B8%96%E7%96%8F%20%E7%AC%AC27%E8%AE%B2.mp3', NULL, NULL);
INSERT INTO episodes (series_id, episode_num, title, file_name, url, intro, story_number) VALUES ('guanjing-sitieshu', 28, '第28讲', '观经四帖疏 第28讲.mp3', 'https://pub-7be57e30faae4f81bbd76b61006ac8fc.r2.dev/%E8%A7%82%E7%BB%8F%E5%9B%9B%E5%B8%96%E7%96%8F/%E8%A7%82%E7%BB%8F%E5%9B%9B%E5%B8%96%E7%96%8F%20%E7%AC%AC28%E8%AE%B2.mp3', NULL, NULL);
INSERT INTO episodes (series_id, episode_num, title, file_name, url, intro, story_number) VALUES ('guanjing-sitieshu', 29, '第29讲', '观经四帖疏 第29讲.mp3', 'https://pub-7be57e30faae4f81bbd76b61006ac8fc.r2.dev/%E8%A7%82%E7%BB%8F%E5%9B%9B%E5%B8%96%E7%96%8F/%E8%A7%82%E7%BB%8F%E5%9B%9B%E5%B8%96%E7%96%8F%20%E7%AC%AC29%E8%AE%B2.mp3', NULL, NULL);
INSERT INTO episodes (series_id, episode_num, title, file_name, url, intro, story_number) VALUES ('guanjing-sitieshu', 30, '第30讲', '观经四帖疏 第30讲.mp3', 'https://pub-7be57e30faae4f81bbd76b61006ac8fc.r2.dev/%E8%A7%82%E7%BB%8F%E5%9B%9B%E5%B8%96%E7%96%8F/%E8%A7%82%E7%BB%8F%E5%9B%9B%E5%B8%96%E7%96%8F%20%E7%AC%AC30%E8%AE%B2.mp3', NULL, NULL);
INSERT INTO episodes (series_id, episode_num, title, file_name, url, intro, story_number) VALUES ('guanjing-sitieshu', 31, '第31讲', '观经四帖疏 第31讲.mp3', 'https://pub-7be57e30faae4f81bbd76b61006ac8fc.r2.dev/%E8%A7%82%E7%BB%8F%E5%9B%9B%E5%B8%96%E7%96%8F/%E8%A7%82%E7%BB%8F%E5%9B%9B%E5%B8%96%E7%96%8F%20%E7%AC%AC31%E8%AE%B2.mp3', NULL, NULL);
INSERT INTO episodes (series_id, episode_num, title, file_name, url, intro, story_number) VALUES ('guanjing-sitieshu', 32, '第32讲', '观经四帖疏 第32讲.mp3', 'https://pub-7be57e30faae4f81bbd76b61006ac8fc.r2.dev/%E8%A7%82%E7%BB%8F%E5%9B%9B%E5%B8%96%E7%96%8F/%E8%A7%82%E7%BB%8F%E5%9B%9B%E5%B8%96%E7%96%8F%20%E7%AC%AC32%E8%AE%B2.mp3', NULL, NULL);
INSERT INTO episodes (series_id, episode_num, title, file_name, url, intro, story_number) VALUES ('guanjing-sitieshu', 33, '第33讲', '观经四帖疏 第33讲.mp3', 'https://pub-7be57e30faae4f81bbd76b61006ac8fc.r2.dev/%E8%A7%82%E7%BB%8F%E5%9B%9B%E5%B8%96%E7%96%8F/%E8%A7%82%E7%BB%8F%E5%9B%9B%E5%B8%96%E7%96%8F%20%E7%AC%AC33%E8%AE%B2.mp3', NULL, NULL);
INSERT INTO episodes (series_id, episode_num, title, file_name, url, intro, story_number) VALUES ('guanjing-sitieshu', 34, '第34讲', '观经四帖疏 第34讲.mp3', 'https://pub-7be57e30faae4f81bbd76b61006ac8fc.r2.dev/%E8%A7%82%E7%BB%8F%E5%9B%9B%E5%B8%96%E7%96%8F/%E8%A7%82%E7%BB%8F%E5%9B%9B%E5%B8%96%E7%96%8F%20%E7%AC%AC34%E8%AE%B2.mp3', NULL, NULL);
INSERT INTO episodes (series_id, episode_num, title, file_name, url, intro, story_number) VALUES ('guanjing-sitieshu', 35, '第35讲', '观经四帖疏 第35讲.mp3', 'https://pub-7be57e30faae4f81bbd76b61006ac8fc.r2.dev/%E8%A7%82%E7%BB%8F%E5%9B%9B%E5%B8%96%E7%96%8F/%E8%A7%82%E7%BB%8F%E5%9B%9B%E5%B8%96%E7%96%8F%20%E7%AC%AC35%E8%AE%B2.mp3', NULL, NULL);
INSERT INTO episodes (series_id, episode_num, title, file_name, url, intro, story_number) VALUES ('guanjing-sitieshu', 36, '第36讲', '观经四帖疏 第36讲.mp3', 'https://pub-7be57e30faae4f81bbd76b61006ac8fc.r2.dev/%E8%A7%82%E7%BB%8F%E5%9B%9B%E5%B8%96%E7%96%8F/%E8%A7%82%E7%BB%8F%E5%9B%9B%E5%B8%96%E7%96%8F%20%E7%AC%AC36%E8%AE%B2.mp3', NULL, NULL);
INSERT INTO episodes (series_id, episode_num, title, file_name, url, intro, story_number) VALUES ('guanjing-sitieshu', 37, '第37讲', '观经四帖疏 第37讲.mp3', 'https://pub-7be57e30faae4f81bbd76b61006ac8fc.r2.dev/%E8%A7%82%E7%BB%8F%E5%9B%9B%E5%B8%96%E7%96%8F/%E8%A7%82%E7%BB%8F%E5%9B%9B%E5%B8%96%E7%96%8F%20%E7%AC%AC37%E8%AE%B2.mp3', NULL, NULL);
INSERT INTO episodes (series_id, episode_num, title, file_name, url, intro, story_number) VALUES ('guanjing-sitieshu', 38, '第38讲', '观经四帖疏 第38讲.mp3', 'https://pub-7be57e30faae4f81bbd76b61006ac8fc.r2.dev/%E8%A7%82%E7%BB%8F%E5%9B%9B%E5%B8%96%E7%96%8F/%E8%A7%82%E7%BB%8F%E5%9B%9B%E5%B8%96%E7%96%8F%20%E7%AC%AC38%E8%AE%B2.mp3', NULL, NULL);
INSERT INTO episodes (series_id, episode_num, title, file_name, url, intro, story_number) VALUES ('guanjing-sitieshu', 39, '第39讲', '观经四帖疏 第39讲.mp3', 'https://pub-7be57e30faae4f81bbd76b61006ac8fc.r2.dev/%E8%A7%82%E7%BB%8F%E5%9B%9B%E5%B8%96%E7%96%8F/%E8%A7%82%E7%BB%8F%E5%9B%9B%E5%B8%96%E7%96%8F%20%E7%AC%AC39%E8%AE%B2.mp3', NULL, NULL);
INSERT INTO episodes (series_id, episode_num, title, file_name, url, intro, story_number) VALUES ('guanjing-sitieshu', 40, '第40讲', '观经四帖疏 第40讲.mp3', 'https://pub-7be57e30faae4f81bbd76b61006ac8fc.r2.dev/%E8%A7%82%E7%BB%8F%E5%9B%9B%E5%B8%96%E7%96%8F/%E8%A7%82%E7%BB%8F%E5%9B%9B%E5%B8%96%E7%96%8F%20%E7%AC%AC40%E8%AE%B2.mp3', NULL, NULL);
INSERT INTO episodes (series_id, episode_num, title, file_name, url, intro, story_number) VALUES ('guanjing-sitieshu', 41, '第41讲', '观经四帖疏 第41讲.mp3', 'https://pub-7be57e30faae4f81bbd76b61006ac8fc.r2.dev/%E8%A7%82%E7%BB%8F%E5%9B%9B%E5%B8%96%E7%96%8F/%E8%A7%82%E7%BB%8F%E5%9B%9B%E5%B8%96%E7%96%8F%20%E7%AC%AC41%E8%AE%B2.mp3', NULL, NULL);
INSERT INTO episodes (series_id, episode_num, title, file_name, url, intro, story_number) VALUES ('guanjing-sitieshu', 42, '第42讲', '观经四帖疏 第42讲.mp3', 'https://pub-7be57e30faae4f81bbd76b61006ac8fc.r2.dev/%E8%A7%82%E7%BB%8F%E5%9B%9B%E5%B8%96%E7%96%8F/%E8%A7%82%E7%BB%8F%E5%9B%9B%E5%B8%96%E7%96%8F%20%E7%AC%AC42%E8%AE%B2.mp3', NULL, NULL);
INSERT INTO episodes (series_id, episode_num, title, file_name, url, intro, story_number) VALUES ('guanjing-sitieshu', 43, '第43讲', '观经四帖疏 第43讲.mp3', 'https://pub-7be57e30faae4f81bbd76b61006ac8fc.r2.dev/%E8%A7%82%E7%BB%8F%E5%9B%9B%E5%B8%96%E7%96%8F/%E8%A7%82%E7%BB%8F%E5%9B%9B%E5%B8%96%E7%96%8F%20%E7%AC%AC43%E8%AE%B2.mp3', NULL, NULL);

-- 系列: 劝修净土诗 (30 集)
INSERT INTO series (id, category_id, title, title_en, speaker, speaker_en, bucket, folder, total_episodes, intro, sort_order) VALUES ('quanxiu-jingtu-shi', 'tingjingtai', '劝修净土诗', 'Verses Encouraging Pure Land Practice', '大安法师', 'Master Da''an', 'daanfashi', '劝修净土诗', 30, '逐首讲解清代省庵大师劝修净土的一百零八首诗偈', 5);
INSERT INTO episodes (series_id, episode_num, title, file_name, url, intro, story_number) VALUES ('quanxiu-jingtu-shi', 1, '开篇', '劝修净土诗-开篇.mp3', 'https://pub-7be57e30faae4f81bbd76b61006ac8fc.r2.dev/%E5%8A%9D%E4%BF%AE%E5%87%80%E5%9C%9F%E8%AF%97/%E5%8A%9D%E4%BF%AE%E5%87%80%E5%9C%9F%E8%AF%97-%E5%BC%80%E7%AF%87.mp3', NULL, NULL);
INSERT INTO episodes (series_id, episode_num, title, file_name, url, intro, story_number) VALUES ('quanxiu-jingtu-shi', 2, '第01首', '劝修净土诗-第01首.mp3', 'https://pub-7be57e30faae4f81bbd76b61006ac8fc.r2.dev/%E5%8A%9D%E4%BF%AE%E5%87%80%E5%9C%9F%E8%AF%97/%E5%8A%9D%E4%BF%AE%E5%87%80%E5%9C%9F%E8%AF%97-%E7%AC%AC01%E9%A6%96.mp3', NULL, NULL);
INSERT INTO episodes (series_id, episode_num, title, file_name, url, intro, story_number) VALUES ('quanxiu-jingtu-shi', 3, '第02首', '劝修净土诗-第02首.mp3', 'https://pub-7be57e30faae4f81bbd76b61006ac8fc.r2.dev/%E5%8A%9D%E4%BF%AE%E5%87%80%E5%9C%9F%E8%AF%97/%E5%8A%9D%E4%BF%AE%E5%87%80%E5%9C%9F%E8%AF%97-%E7%AC%AC02%E9%A6%96.mp3', NULL, NULL);
INSERT INTO episodes (series_id, episode_num, title, file_name, url, intro, story_number) VALUES ('quanxiu-jingtu-shi', 4, '第03首', '劝修净土诗-第03首.mp3', 'https://pub-7be57e30faae4f81bbd76b61006ac8fc.r2.dev/%E5%8A%9D%E4%BF%AE%E5%87%80%E5%9C%9F%E8%AF%97/%E5%8A%9D%E4%BF%AE%E5%87%80%E5%9C%9F%E8%AF%97-%E7%AC%AC03%E9%A6%96.mp3', NULL, NULL);
INSERT INTO episodes (series_id, episode_num, title, file_name, url, intro, story_number) VALUES ('quanxiu-jingtu-shi', 5, '第04首', '劝修净土诗-第04首.mp3', 'https://pub-7be57e30faae4f81bbd76b61006ac8fc.r2.dev/%E5%8A%9D%E4%BF%AE%E5%87%80%E5%9C%9F%E8%AF%97/%E5%8A%9D%E4%BF%AE%E5%87%80%E5%9C%9F%E8%AF%97-%E7%AC%AC04%E9%A6%96.mp3', NULL, NULL);
INSERT INTO episodes (series_id, episode_num, title, file_name, url, intro, story_number) VALUES ('quanxiu-jingtu-shi', 6, '第05首', '劝修净土诗-第05首.mp3', 'https://pub-7be57e30faae4f81bbd76b61006ac8fc.r2.dev/%E5%8A%9D%E4%BF%AE%E5%87%80%E5%9C%9F%E8%AF%97/%E5%8A%9D%E4%BF%AE%E5%87%80%E5%9C%9F%E8%AF%97-%E7%AC%AC05%E9%A6%96.mp3', NULL, NULL);
INSERT INTO episodes (series_id, episode_num, title, file_name, url, intro, story_number) VALUES ('quanxiu-jingtu-shi', 7, '第06首', '劝修净土诗-第06首.mp3', 'https://pub-7be57e30faae4f81bbd76b61006ac8fc.r2.dev/%E5%8A%9D%E4%BF%AE%E5%87%80%E5%9C%9F%E8%AF%97/%E5%8A%9D%E4%BF%AE%E5%87%80%E5%9C%9F%E8%AF%97-%E7%AC%AC06%E9%A6%96.mp3', NULL, NULL);
INSERT INTO episodes (series_id, episode_num, title, file_name, url, intro, story_number) VALUES ('quanxiu-jingtu-shi', 8, '第07首', '劝修净土诗-第07首.mp3', 'https://pub-7be57e30faae4f81bbd76b61006ac8fc.r2.dev/%E5%8A%9D%E4%BF%AE%E5%87%80%E5%9C%9F%E8%AF%97/%E5%8A%9D%E4%BF%AE%E5%87%80%E5%9C%9F%E8%AF%97-%E7%AC%AC07%E9%A6%96.mp3', NULL, NULL);
INSERT INTO episodes (series_id, episode_num, title, file_name, url, intro, story_number) VALUES ('quanxiu-jingtu-shi', 9, '第08首', '劝修净土诗-第08首.mp3', 'https://pub-7be57e30faae4f81bbd76b61006ac8fc.r2.dev/%E5%8A%9D%E4%BF%AE%E5%87%80%E5%9C%9F%E8%AF%97/%E5%8A%9D%E4%BF%AE%E5%87%80%E5%9C%9F%E8%AF%97-%E7%AC%AC08%E9%A6%96.mp3', NULL, NULL);
INSERT INTO episodes (series_id, episode_num, title, file_name, url, intro, story_number) VALUES ('quanxiu-jingtu-shi', 10, '第09首', '劝修净土诗-第09首.mp3', 'https://pub-7be57e30faae4f81bbd76b61006ac8fc.r2.dev/%E5%8A%9D%E4%BF%AE%E5%87%80%E5%9C%9F%E8%AF%97/%E5%8A%9D%E4%BF%AE%E5%87%80%E5%9C%9F%E8%AF%97-%E7%AC%AC09%E9%A6%96.mp3', NULL, NULL);
INSERT INTO episodes (series_id, episode_num, title, file_name, url, intro, story_number) VALUES ('quanxiu-jingtu-shi', 11, '第10首', '劝修净土诗-第10首.mp3', 'https://pub-7be57e30faae4f81bbd76b61006ac8fc.r2.dev/%E5%8A%9D%E4%BF%AE%E5%87%80%E5%9C%9F%E8%AF%97/%E5%8A%9D%E4%BF%AE%E5%87%80%E5%9C%9F%E8%AF%97-%E7%AC%AC10%E9%A6%96.mp3', NULL, NULL);
INSERT INTO episodes (series_id, episode_num, title, file_name, url, intro, story_number) VALUES ('quanxiu-jingtu-shi', 12, '第11首', '劝修净土诗-第11首.mp3', 'https://pub-7be57e30faae4f81bbd76b61006ac8fc.r2.dev/%E5%8A%9D%E4%BF%AE%E5%87%80%E5%9C%9F%E8%AF%97/%E5%8A%9D%E4%BF%AE%E5%87%80%E5%9C%9F%E8%AF%97-%E7%AC%AC11%E9%A6%96.mp3', NULL, NULL);
INSERT INTO episodes (series_id, episode_num, title, file_name, url, intro, story_number) VALUES ('quanxiu-jingtu-shi', 13, '第12首', '劝修净土诗-第12首.mp3', 'https://pub-7be57e30faae4f81bbd76b61006ac8fc.r2.dev/%E5%8A%9D%E4%BF%AE%E5%87%80%E5%9C%9F%E8%AF%97/%E5%8A%9D%E4%BF%AE%E5%87%80%E5%9C%9F%E8%AF%97-%E7%AC%AC12%E9%A6%96.mp3', NULL, NULL);
INSERT INTO episodes (series_id, episode_num, title, file_name, url, intro, story_number) VALUES ('quanxiu-jingtu-shi', 14, '第13首', '劝修净土诗-第13首.mp3', 'https://pub-7be57e30faae4f81bbd76b61006ac8fc.r2.dev/%E5%8A%9D%E4%BF%AE%E5%87%80%E5%9C%9F%E8%AF%97/%E5%8A%9D%E4%BF%AE%E5%87%80%E5%9C%9F%E8%AF%97-%E7%AC%AC13%E9%A6%96.mp3', NULL, NULL);
INSERT INTO episodes (series_id, episode_num, title, file_name, url, intro, story_number) VALUES ('quanxiu-jingtu-shi', 15, '第14首', '劝修净土诗-第14首.mp3', 'https://pub-7be57e30faae4f81bbd76b61006ac8fc.r2.dev/%E5%8A%9D%E4%BF%AE%E5%87%80%E5%9C%9F%E8%AF%97/%E5%8A%9D%E4%BF%AE%E5%87%80%E5%9C%9F%E8%AF%97-%E7%AC%AC14%E9%A6%96.mp3', NULL, NULL);
INSERT INTO episodes (series_id, episode_num, title, file_name, url, intro, story_number) VALUES ('quanxiu-jingtu-shi', 16, '第15首', '劝修净土诗-第15首.mp3', 'https://pub-7be57e30faae4f81bbd76b61006ac8fc.r2.dev/%E5%8A%9D%E4%BF%AE%E5%87%80%E5%9C%9F%E8%AF%97/%E5%8A%9D%E4%BF%AE%E5%87%80%E5%9C%9F%E8%AF%97-%E7%AC%AC15%E9%A6%96.mp3', NULL, NULL);
INSERT INTO episodes (series_id, episode_num, title, file_name, url, intro, story_number) VALUES ('quanxiu-jingtu-shi', 17, '第16首', '劝修净土诗-第16首.mp3', 'https://pub-7be57e30faae4f81bbd76b61006ac8fc.r2.dev/%E5%8A%9D%E4%BF%AE%E5%87%80%E5%9C%9F%E8%AF%97/%E5%8A%9D%E4%BF%AE%E5%87%80%E5%9C%9F%E8%AF%97-%E7%AC%AC16%E9%A6%96.mp3', NULL, NULL);
INSERT INTO episodes (series_id, episode_num, title, file_name, url, intro, story_number) VALUES ('quanxiu-jingtu-shi', 18, '第17首', '劝修净土诗-第17首.mp3', 'https://pub-7be57e30faae4f81bbd76b61006ac8fc.r2.dev/%E5%8A%9D%E4%BF%AE%E5%87%80%E5%9C%9F%E8%AF%97/%E5%8A%9D%E4%BF%AE%E5%87%80%E5%9C%9F%E8%AF%97-%E7%AC%AC17%E9%A6%96.mp3', NULL, NULL);
INSERT INTO episodes (series_id, episode_num, title, file_name, url, intro, story_number) VALUES ('quanxiu-jingtu-shi', 19, '第18首', '劝修净土诗-第18首.mp3', 'https://pub-7be57e30faae4f81bbd76b61006ac8fc.r2.dev/%E5%8A%9D%E4%BF%AE%E5%87%80%E5%9C%9F%E8%AF%97/%E5%8A%9D%E4%BF%AE%E5%87%80%E5%9C%9F%E8%AF%97-%E7%AC%AC18%E9%A6%96.mp3', NULL, NULL);
INSERT INTO episodes (series_id, episode_num, title, file_name, url, intro, story_number) VALUES ('quanxiu-jingtu-shi', 20, '第19首', '劝修净土诗-第19首.mp3', 'https://pub-7be57e30faae4f81bbd76b61006ac8fc.r2.dev/%E5%8A%9D%E4%BF%AE%E5%87%80%E5%9C%9F%E8%AF%97/%E5%8A%9D%E4%BF%AE%E5%87%80%E5%9C%9F%E8%AF%97-%E7%AC%AC19%E9%A6%96.mp3', NULL, NULL);
INSERT INTO episodes (series_id, episode_num, title, file_name, url, intro, story_number) VALUES ('quanxiu-jingtu-shi', 21, '第20首', '劝修净土诗-第20首.mp3', 'https://pub-7be57e30faae4f81bbd76b61006ac8fc.r2.dev/%E5%8A%9D%E4%BF%AE%E5%87%80%E5%9C%9F%E8%AF%97/%E5%8A%9D%E4%BF%AE%E5%87%80%E5%9C%9F%E8%AF%97-%E7%AC%AC20%E9%A6%96.mp3', NULL, NULL);
INSERT INTO episodes (series_id, episode_num, title, file_name, url, intro, story_number) VALUES ('quanxiu-jingtu-shi', 22, '第21首', '劝修净土诗-第21首.mp3', 'https://pub-7be57e30faae4f81bbd76b61006ac8fc.r2.dev/%E5%8A%9D%E4%BF%AE%E5%87%80%E5%9C%9F%E8%AF%97/%E5%8A%9D%E4%BF%AE%E5%87%80%E5%9C%9F%E8%AF%97-%E7%AC%AC21%E9%A6%96.mp3', NULL, NULL);
INSERT INTO episodes (series_id, episode_num, title, file_name, url, intro, story_number) VALUES ('quanxiu-jingtu-shi', 23, '第22首', '劝修净土诗-第22首.mp3', 'https://pub-7be57e30faae4f81bbd76b61006ac8fc.r2.dev/%E5%8A%9D%E4%BF%AE%E5%87%80%E5%9C%9F%E8%AF%97/%E5%8A%9D%E4%BF%AE%E5%87%80%E5%9C%9F%E8%AF%97-%E7%AC%AC22%E9%A6%96.mp3', NULL, NULL);
INSERT INTO episodes (series_id, episode_num, title, file_name, url, intro, story_number) VALUES ('quanxiu-jingtu-shi', 24, '第23首', '劝修净土诗-第23首.mp3', 'https://pub-7be57e30faae4f81bbd76b61006ac8fc.r2.dev/%E5%8A%9D%E4%BF%AE%E5%87%80%E5%9C%9F%E8%AF%97/%E5%8A%9D%E4%BF%AE%E5%87%80%E5%9C%9F%E8%AF%97-%E7%AC%AC23%E9%A6%96.mp3', NULL, NULL);
INSERT INTO episodes (series_id, episode_num, title, file_name, url, intro, story_number) VALUES ('quanxiu-jingtu-shi', 25, '第24首', '劝修净土诗-第24首.mp3', 'https://pub-7be57e30faae4f81bbd76b61006ac8fc.r2.dev/%E5%8A%9D%E4%BF%AE%E5%87%80%E5%9C%9F%E8%AF%97/%E5%8A%9D%E4%BF%AE%E5%87%80%E5%9C%9F%E8%AF%97-%E7%AC%AC24%E9%A6%96.mp3', NULL, NULL);
INSERT INTO episodes (series_id, episode_num, title, file_name, url, intro, story_number) VALUES ('quanxiu-jingtu-shi', 26, '第25首', '劝修净土诗-第25首.mp3', 'https://pub-7be57e30faae4f81bbd76b61006ac8fc.r2.dev/%E5%8A%9D%E4%BF%AE%E5%87%80%E5%9C%9F%E8%AF%97/%E5%8A%9D%E4%BF%AE%E5%87%80%E5%9C%9F%E8%AF%97-%E7%AC%AC25%E9%A6%96.mp3', NULL, NULL);
INSERT INTO episodes (series_id, episode_num, title, file_name, url, intro, story_number) VALUES ('quanxiu-jingtu-shi', 27, '第26首', '劝修净土诗-第26首.mp3', 'https://pub-7be57e30faae4f81bbd76b61006ac8fc.r2.dev/%E5%8A%9D%E4%BF%AE%E5%87%80%E5%9C%9F%E8%AF%97/%E5%8A%9D%E4%BF%AE%E5%87%80%E5%9C%9F%E8%AF%97-%E7%AC%AC26%E9%A6%96.mp3', NULL, NULL);
INSERT INTO episodes (series_id, episode_num, title, file_name, url, intro, story_number) VALUES ('quanxiu-jingtu-shi', 28, '第27首', '劝修净土诗-第27首.mp3', 'https://pub-7be57e30faae4f81bbd76b61006ac8fc.r2.dev/%E5%8A%9D%E4%BF%AE%E5%87%80%E5%9C%9F%E8%AF%97/%E5%8A%9D%E4%BF%AE%E5%87%80%E5%9C%9F%E8%AF%97-%E7%AC%AC27%E9%A6%96.mp3', NULL, NULL);
INSERT INTO episodes (series_id, episode_num, title, file_name, url, intro, story_number) VALUES ('quanxiu-jingtu-shi', 29, '第28首', '劝修净土诗-第28首.mp3', 'https://pub-7be57e30faae4f81bbd76b61006ac8fc.r2.dev/%E5%8A%9D%E4%BF%AE%E5%87%80%E5%9C%9F%E8%AF%97/%E5%8A%9D%E4%BF%AE%E5%87%80%E5%9C%9F%E8%AF%97-%E7%AC%AC28%E9%A6%96.mp3', NULL, NULL);
INSERT INTO episodes (series_id, episode_num, title, file_name, url, intro, story_number) VALUES ('quanxiu-jingtu-shi', 30, '第29首', '劝修净土诗-第29首.mp3', 'https://pub-7be57e30faae4f81bbd76b61006ac8fc.r2.dev/%E5%8A%9D%E4%BF%AE%E5%87%80%E5%9C%9F%E8%AF%97/%E5%8A%9D%E4%BF%AE%E5%87%80%E5%9C%9F%E8%AF%97-%E7%AC%AC29%E9%A6%96.mp3', NULL, NULL);

-- 系列: 专题讲座 (8 集)
INSERT INTO series (id, category_id, title, title_en, speaker, speaker_en, bucket, folder, total_episodes, intro, sort_order) VALUES ('zhuanti-jiangzuo', 'tingjingtai', '专题讲座', 'Special Dharma Talks', '大安法师', 'Master Da''an', 'daanfashi', '专题讲座', 8, '大安法师关于净土修学各类主题的专题开示', 6);
INSERT INTO episodes (series_id, episode_num, title, file_name, url, intro, story_number) VALUES ('zhuanti-jiangzuo', 1, '五浊恶世非念佛法门必不能度', '五浊恶世非念佛法门必不能度.mp3', 'https://pub-7be57e30faae4f81bbd76b61006ac8fc.r2.dev/%E4%B8%93%E9%A2%98%E8%AE%B2%E5%BA%A7/%E4%BA%94%E6%B5%8A%E6%81%B6%E4%B8%96%E9%9D%9E%E5%BF%B5%E4%BD%9B%E6%B3%95%E9%97%A8%E5%BF%85%E4%B8%8D%E8%83%BD%E5%BA%A6.mp3', '论五浊恶世中念佛法门的不可替代性', NULL);
INSERT INTO episodes (series_id, episode_num, title, file_name, url, intro, story_number) VALUES ('zhuanti-jiangzuo', 2, '人性与世界和平的困境（中英双语）', '人性与世界和平的困境（中英双语）.mp3', 'https://pub-7be57e30faae4f81bbd76b61006ac8fc.r2.dev/%E4%B8%93%E9%A2%98%E8%AE%B2%E5%BA%A7/%E4%BA%BA%E6%80%A7%E4%B8%8E%E4%B8%96%E7%95%8C%E5%92%8C%E5%B9%B3%E7%9A%84%E5%9B%B0%E5%A2%83%EF%BC%88%E4%B8%AD%E8%8B%B1%E5%8F%8C%E8%AF%AD%EF%BC%89.mp3', '从佛法角度探讨人性困境与世界和平', NULL);
INSERT INTO episodes (series_id, episode_num, title, file_name, url, intro, story_number) VALUES ('zhuanti-jiangzuo', 3, '以四种心念佛必得往生', '以四种心念佛必得往生.mp3', 'https://pub-7be57e30faae4f81bbd76b61006ac8fc.r2.dev/%E4%B8%93%E9%A2%98%E8%AE%B2%E5%BA%A7/%E4%BB%A5%E5%9B%9B%E7%A7%8D%E5%BF%83%E5%BF%B5%E4%BD%9B%E5%BF%85%E5%BE%97%E5%BE%80%E7%94%9F.mp3', '阐明以至诚、深心等四种心念佛往生', NULL);
INSERT INTO episodes (series_id, episode_num, title, file_name, url, intro, story_number) VALUES ('zhuanti-jiangzuo', 4, '加拿大澄水寺开示', '加拿大澄水寺开示.mp3', 'https://pub-7be57e30faae4f81bbd76b61006ac8fc.r2.dev/%E4%B8%93%E9%A2%98%E8%AE%B2%E5%BA%A7/%E5%8A%A0%E6%8B%BF%E5%A4%A7%E6%BE%84%E6%B0%B4%E5%AF%BA%E5%BC%80%E7%A4%BA.mp3', '大安法师在加拿大澄水寺的净土开示', NULL);
INSERT INTO episodes (series_id, episode_num, title, file_name, url, intro, story_number) VALUES ('zhuanti-jiangzuo', 5, '地藏菩萨本愿与念佛法门', '地藏菩萨本愿与念佛法门.mp3', 'https://pub-7be57e30faae4f81bbd76b61006ac8fc.r2.dev/%E4%B8%93%E9%A2%98%E8%AE%B2%E5%BA%A7/%E5%9C%B0%E8%97%8F%E8%8F%A9%E8%90%A8%E6%9C%AC%E6%84%BF%E4%B8%8E%E5%BF%B5%E4%BD%9B%E6%B3%95%E9%97%A8.mp3', '论地藏菩萨本愿与净土念佛的相通之处', NULL);
INSERT INTO episodes (series_id, episode_num, title, file_name, url, intro, story_number) VALUES ('zhuanti-jiangzuo', 6, '如何修学净土法门', '如何修学净土法门.mp3', 'https://pub-7be57e30faae4f81bbd76b61006ac8fc.r2.dev/%E4%B8%93%E9%A2%98%E8%AE%B2%E5%BA%A7/%E5%A6%82%E4%BD%95%E4%BF%AE%E5%AD%A6%E5%87%80%E5%9C%9F%E6%B3%95%E9%97%A8.mp3', '指导净土法门的入门与实修方法', NULL);
INSERT INTO episodes (series_id, episode_num, title, file_name, url, intro, story_number) VALUES ('zhuanti-jiangzuo', 7, '断疑生信早出轮回', '断疑生信早出轮回.mp3', 'https://pub-7be57e30faae4f81bbd76b61006ac8fc.r2.dev/%E4%B8%93%E9%A2%98%E8%AE%B2%E5%BA%A7/%E6%96%AD%E7%96%91%E7%94%9F%E4%BF%A1%E6%97%A9%E5%87%BA%E8%BD%AE%E5%9B%9E.mp3', '破除净土修学中的疑惑以坚定往生信心', NULL);
INSERT INTO episodes (series_id, episode_num, title, file_name, url, intro, story_number) VALUES ('zhuanti-jiangzuo', 8, '至简易至圆顿的净土法门', '至简易至圆顿的净土法门.mp3', 'https://pub-7be57e30faae4f81bbd76b61006ac8fc.r2.dev/%E4%B8%93%E9%A2%98%E8%AE%B2%E5%BA%A7/%E8%87%B3%E7%AE%80%E6%98%93%E8%87%B3%E5%9C%86%E9%A1%BF%E7%9A%84%E5%87%80%E5%9C%9F%E6%B3%95%E9%97%A8.mp3', '揭示净土法门至简至圆的殊胜特质', NULL);

-- 系列: 净土宗教程 (6 集)
INSERT INTO series (id, category_id, title, title_en, speaker, speaker_en, bucket, folder, total_episodes, intro, sort_order) VALUES ('jingtu-zongjiaocheng', 'tingjingtai', '净土宗教程', 'Pure Land Buddhism Course', '大安法师', 'Master Da''an', 'daanfashi', '专题讲座/净土宗教程', 6, '系统讲授净土宗的教理体系与修行方法', 7);
INSERT INTO episodes (series_id, episode_num, title, file_name, url, intro, story_number) VALUES ('jingtu-zongjiaocheng', 1, '第1讲', '净土宗教程 第1讲.mp3', 'https://pub-7be57e30faae4f81bbd76b61006ac8fc.r2.dev/%E4%B8%93%E9%A2%98%E8%AE%B2%E5%BA%A7/%E5%87%80%E5%9C%9F%E5%AE%97%E6%95%99%E7%A8%8B/%E5%87%80%E5%9C%9F%E5%AE%97%E6%95%99%E7%A8%8B%20%E7%AC%AC1%E8%AE%B2.mp3', NULL, NULL);
INSERT INTO episodes (series_id, episode_num, title, file_name, url, intro, story_number) VALUES ('jingtu-zongjiaocheng', 2, '第2讲', '净土宗教程 第2讲.mp3', 'https://pub-7be57e30faae4f81bbd76b61006ac8fc.r2.dev/%E4%B8%93%E9%A2%98%E8%AE%B2%E5%BA%A7/%E5%87%80%E5%9C%9F%E5%AE%97%E6%95%99%E7%A8%8B/%E5%87%80%E5%9C%9F%E5%AE%97%E6%95%99%E7%A8%8B%20%E7%AC%AC2%E8%AE%B2.mp3', NULL, NULL);
INSERT INTO episodes (series_id, episode_num, title, file_name, url, intro, story_number) VALUES ('jingtu-zongjiaocheng', 3, '第3讲', '净土宗教程 第3讲.mp3', 'https://pub-7be57e30faae4f81bbd76b61006ac8fc.r2.dev/%E4%B8%93%E9%A2%98%E8%AE%B2%E5%BA%A7/%E5%87%80%E5%9C%9F%E5%AE%97%E6%95%99%E7%A8%8B/%E5%87%80%E5%9C%9F%E5%AE%97%E6%95%99%E7%A8%8B%20%E7%AC%AC3%E8%AE%B2.mp3', NULL, NULL);
INSERT INTO episodes (series_id, episode_num, title, file_name, url, intro, story_number) VALUES ('jingtu-zongjiaocheng', 4, '第4讲', '净土宗教程 第4讲.mp3', 'https://pub-7be57e30faae4f81bbd76b61006ac8fc.r2.dev/%E4%B8%93%E9%A2%98%E8%AE%B2%E5%BA%A7/%E5%87%80%E5%9C%9F%E5%AE%97%E6%95%99%E7%A8%8B/%E5%87%80%E5%9C%9F%E5%AE%97%E6%95%99%E7%A8%8B%20%E7%AC%AC4%E8%AE%B2.mp3', NULL, NULL);
INSERT INTO episodes (series_id, episode_num, title, file_name, url, intro, story_number) VALUES ('jingtu-zongjiaocheng', 5, '第5讲', '净土宗教程 第5讲.mp3', 'https://pub-7be57e30faae4f81bbd76b61006ac8fc.r2.dev/%E4%B8%93%E9%A2%98%E8%AE%B2%E5%BA%A7/%E5%87%80%E5%9C%9F%E5%AE%97%E6%95%99%E7%A8%8B/%E5%87%80%E5%9C%9F%E5%AE%97%E6%95%99%E7%A8%8B%20%E7%AC%AC5%E8%AE%B2.mp3', NULL, NULL);
INSERT INTO episodes (series_id, episode_num, title, file_name, url, intro, story_number) VALUES ('jingtu-zongjiaocheng', 6, '第6讲', '净土宗教程 第6讲.mp3', 'https://pub-7be57e30faae4f81bbd76b61006ac8fc.r2.dev/%E4%B8%93%E9%A2%98%E8%AE%B2%E5%BA%A7/%E5%87%80%E5%9C%9F%E5%AE%97%E6%95%99%E7%A8%8B/%E5%87%80%E5%9C%9F%E5%AE%97%E6%95%99%E7%A8%8B%20%E7%AC%AC6%E8%AE%B2.mp3', NULL, NULL);

-- 系列: 淫业决疑论 (2 集)
INSERT INTO series (id, category_id, title, title_en, speaker, speaker_en, bucket, folder, total_episodes, intro, sort_order) VALUES ('yinye-jueyilun', 'tingjingtai', '淫业决疑论', 'Resolving Doubts on Sexual Karma', '大安法师', 'Master Da''an', 'daanfashi', '专题讲座/淫业决疑论', 2, '依印光大师开示，辨析戒淫断欲与净业修持之关系', 8);
INSERT INTO episodes (series_id, episode_num, title, file_name, url, intro, story_number) VALUES ('yinye-jueyilun', 1, '第1讲', '淫业决疑论 第1讲.mp3', 'https://pub-7be57e30faae4f81bbd76b61006ac8fc.r2.dev/%E4%B8%93%E9%A2%98%E8%AE%B2%E5%BA%A7/%E6%B7%AB%E4%B8%9A%E5%86%B3%E7%96%91%E8%AE%BA/%E6%B7%AB%E4%B8%9A%E5%86%B3%E7%96%91%E8%AE%BA%20%E7%AC%AC1%E8%AE%B2.mp3', NULL, NULL);
INSERT INTO episodes (series_id, episode_num, title, file_name, url, intro, story_number) VALUES ('yinye-jueyilun', 2, '第2讲', '淫业决疑论 第2讲.mp3', 'https://pub-7be57e30faae4f81bbd76b61006ac8fc.r2.dev/%E4%B8%93%E9%A2%98%E8%AE%B2%E5%BA%A7/%E6%B7%AB%E4%B8%9A%E5%86%B3%E7%96%91%E8%AE%BA/%E6%B7%AB%E4%B8%9A%E5%86%B3%E7%96%91%E8%AE%BA%20%E7%AC%AC2%E8%AE%B2.mp3', NULL, NULL);

-- 系列: 阿弥陀佛摄生三愿 (2 集)
INSERT INTO series (id, category_id, title, title_en, speaker, speaker_en, bucket, folder, total_episodes, intro, sort_order) VALUES ('amituo-shesheng-sanyuan', 'tingjingtai', '阿弥陀佛摄生三愿', 'Amitabha''s Three Vows', '大安法师', 'Master Da''an', 'daanfashi', '专题讲座/阿弥陀佛摄生三愿', 2, '解说阿弥陀佛第十八、十九、二十愿摄受众生之深意', 9);
INSERT INTO episodes (series_id, episode_num, title, file_name, url, intro, story_number) VALUES ('amituo-shesheng-sanyuan', 1, '第1讲', '阿弥陀佛摄生三愿 第1讲.mp3', 'https://pub-7be57e30faae4f81bbd76b61006ac8fc.r2.dev/%E4%B8%93%E9%A2%98%E8%AE%B2%E5%BA%A7/%E9%98%BF%E5%BC%A5%E9%99%80%E4%BD%9B%E6%91%84%E7%94%9F%E4%B8%89%E6%84%BF/%E9%98%BF%E5%BC%A5%E9%99%80%E4%BD%9B%E6%91%84%E7%94%9F%E4%B8%89%E6%84%BF%20%E7%AC%AC1%E8%AE%B2.mp3', NULL, NULL);
INSERT INTO episodes (series_id, episode_num, title, file_name, url, intro, story_number) VALUES ('amituo-shesheng-sanyuan', 2, '第2讲', '阿弥陀佛摄生三愿 第2讲.mp3', 'https://pub-7be57e30faae4f81bbd76b61006ac8fc.r2.dev/%E4%B8%93%E9%A2%98%E8%AE%B2%E5%BA%A7/%E9%98%BF%E5%BC%A5%E9%99%80%E4%BD%9B%E6%91%84%E7%94%9F%E4%B8%89%E6%84%BF/%E9%98%BF%E5%BC%A5%E9%99%80%E4%BD%9B%E6%91%84%E7%94%9F%E4%B8%89%E6%84%BF%20%E7%AC%AC2%E8%AE%B2.mp3', NULL, NULL);

-- 分类: 佛号
INSERT INTO categories (id, title, title_en, sort_order) VALUES ('fohao', '佛号', 'Buddha Name Chanting', 2);

-- 系列: 东林佛号 (7 集)
INSERT INTO series (id, category_id, title, title_en, speaker, speaker_en, bucket, folder, total_episodes, intro, sort_order) VALUES ('donglin-fohao', 'fohao', '东林佛号', 'Donglin Temple Chanting', '东林寺', 'Donglin Temple', 'fohao', NULL, 7, '庐山东林寺独创的念佛音调，清畅哀亮、摄心归净', 1);
INSERT INTO episodes (series_id, episode_num, title, file_name, url, intro, story_number) VALUES ('donglin-fohao', 1, '共修版', '东林佛号共修版.mp3', 'https://pub-8c99ae05414d4672b1ec08a569ab3299.r2.dev/%E4%B8%9C%E6%9E%97%E4%BD%9B%E5%8F%B7%E5%85%B1%E4%BF%AE%E7%89%88.mp3', '适合大众共修的东林佛号版本', NULL);
INSERT INTO episodes (series_id, episode_num, title, file_name, url, intro, story_number) VALUES ('donglin-fohao', 2, '标准版', '东林佛号标准版.mp3', 'https://pub-8c99ae05414d4672b1ec08a569ab3299.r2.dev/%E4%B8%9C%E6%9E%97%E4%BD%9B%E5%8F%B7%E6%A0%87%E5%87%86%E7%89%88.mp3', '东林佛号标准念诵版', NULL);
INSERT INTO episodes (series_id, episode_num, title, file_name, url, intro, story_number) VALUES ('donglin-fohao', 3, '欣赏版（男声）', '东林佛号欣赏版 男声.mp3', 'https://pub-8c99ae05414d4672b1ec08a569ab3299.r2.dev/%E4%B8%9C%E6%9E%97%E4%BD%9B%E5%8F%B7%E6%AC%A3%E8%B5%8F%E7%89%88%20%E7%94%B7%E5%A3%B0.mp3', '男声演唱的东林佛号欣赏版', NULL);
INSERT INTO episodes (series_id, episode_num, title, file_name, url, intro, story_number) VALUES ('donglin-fohao', 4, '欣赏版（女声）', '东林佛号欣赏版 女声.mp3', 'https://pub-8c99ae05414d4672b1ec08a569ab3299.r2.dev/%E4%B8%9C%E6%9E%97%E4%BD%9B%E5%8F%B7%E6%AC%A3%E8%B5%8F%E7%89%88%20%E5%A5%B3%E5%A3%B0.mp3', '女声演唱的东林佛号欣赏版', NULL);
INSERT INTO episodes (series_id, episode_num, title, file_name, url, intro, story_number) VALUES ('donglin-fohao', 5, '助念佛号（男众版）', '东林助念佛号（男众版）.mp3', 'https://pub-8c99ae05414d4672b1ec08a569ab3299.r2.dev/%E4%B8%9C%E6%9E%97%E5%8A%A9%E5%BF%B5%E4%BD%9B%E5%8F%B7%EF%BC%88%E7%94%B7%E4%BC%97%E7%89%88%EF%BC%89.mp3', '男众唱诵的临终助念佛号', NULL);
INSERT INTO episodes (series_id, episode_num, title, file_name, url, intro, story_number) VALUES ('donglin-fohao', 6, '助念佛号（男女众版）', '东林助念佛号（男女众版）.mp3', 'https://pub-8c99ae05414d4672b1ec08a569ab3299.r2.dev/%E4%B8%9C%E6%9E%97%E5%8A%A9%E5%BF%B5%E4%BD%9B%E5%8F%B7%EF%BC%88%E7%94%B7%E5%A5%B3%E4%BC%97%E7%89%88%EF%BC%89.mp3', '男女众合唱的临终助念佛号', NULL);
INSERT INTO episodes (series_id, episode_num, title, file_name, url, intro, story_number) VALUES ('donglin-fohao', 7, '古琴佛号', '古琴佛号.mp3', 'https://pub-8c99ae05414d4672b1ec08a569ab3299.r2.dev/%E5%8F%A4%E7%90%B4%E4%BD%9B%E5%8F%B7.mp3', '古琴伴奏的东林佛号演奏版', NULL);

-- 分类: 有声书
INSERT INTO categories (id, title, title_en, sort_order) VALUES ('youshengshu', '有声书', 'Audiobooks', 3);

-- 系列: 印光大师永怀录 (168 集)
INSERT INTO series (id, category_id, title, title_en, speaker, speaker_en, bucket, folder, total_episodes, intro, sort_order) VALUES ('yinguang-yonghuailu', 'youshengshu', '印光大师永怀录', 'In Memory of Master Yinguang', '东林寺', 'Donglin Temple', 'yinguangdashi', NULL, 168, '有声演绎净土宗第十三祖印光大师生平行谊与教化', 1);
INSERT INTO episodes (series_id, episode_num, title, file_name, url, intro, story_number) VALUES ('yinguang-yonghuailu', 1, '印祖生平', '000 印祖生平.mp3', 'https://pub-7a334cb009c14e10bbcfee54bb593a2a.r2.dev/000%20%E5%8D%B0%E7%A5%96%E7%94%9F%E5%B9%B3.mp3', NULL, NULL);
INSERT INTO episodes (series_id, episode_num, title, file_name, url, intro, story_number) VALUES ('yinguang-yonghuailu', 2, '初出家风波', '001 初出家风波.mp3', 'https://pub-7a334cb009c14e10bbcfee54bb593a2a.r2.dev/001%20%E5%88%9D%E5%87%BA%E5%AE%B6%E9%A3%8E%E6%B3%A2.mp3', NULL, NULL);
INSERT INTO episodes (series_id, episode_num, title, file_name, url, intro, story_number) VALUES ('yinguang-yonghuailu', 3, '挂单莲花寺', '002 挂单莲花寺.mp3', 'https://pub-7a334cb009c14e10bbcfee54bb593a2a.r2.dev/002%20%E6%8C%82%E5%8D%95%E8%8E%B2%E8%8A%B1%E5%AF%BA.mp3', NULL, NULL);
INSERT INTO episodes (series_id, episode_num, title, file_name, url, intro, story_number) VALUES ('yinguang-yonghuailu', 4, '继庐行者', '003 继庐行者.mp3', 'https://pub-7a334cb009c14e10bbcfee54bb593a2a.r2.dev/003%20%E7%BB%A7%E5%BA%90%E8%A1%8C%E8%80%85.mp3', NULL, NULL);
INSERT INTO episodes (series_id, episode_num, title, file_name, url, intro, story_number) VALUES ('yinguang-yonghuailu', 5, '法雨闭关', '004 法雨闭关.mp3', 'https://pub-7a334cb009c14e10bbcfee54bb593a2a.r2.dev/004%20%E6%B3%95%E9%9B%A8%E9%97%AD%E5%85%B3.mp3', NULL, NULL);
INSERT INTO episodes (series_id, episode_num, title, file_name, url, intro, story_number) VALUES ('yinguang-yonghuailu', 6, '报国寺闭关', '005 报国寺闭关.mp3', 'https://pub-7a334cb009c14e10bbcfee54bb593a2a.r2.dev/005%20%E6%8A%A5%E5%9B%BD%E5%AF%BA%E9%97%AD%E5%85%B3.mp3', NULL, NULL);
INSERT INTO episodes (series_id, episode_num, title, file_name, url, intro, story_number) VALUES ('yinguang-yonghuailu', 7, '弘一大师的师徒缘', '006 弘一大师的师徒缘.mp3', 'https://pub-7a334cb009c14e10bbcfee54bb593a2a.r2.dev/006%20%E5%BC%98%E4%B8%80%E5%A4%A7%E5%B8%88%E7%9A%84%E5%B8%88%E5%BE%92%E7%BC%98.mp3', NULL, NULL);
INSERT INTO episodes (series_id, episode_num, title, file_name, url, intro, story_number) VALUES ('yinguang-yonghuailu', 8, '两法师', '007 两法师.mp3', 'https://pub-7a334cb009c14e10bbcfee54bb593a2a.r2.dev/007%20%E4%B8%A4%E6%B3%95%E5%B8%88.mp3', NULL, NULL);
INSERT INTO episodes (series_id, episode_num, title, file_name, url, intro, story_number) VALUES ('yinguang-yonghuailu', 9, '与谛闲大师心相印', '008 与谛闲大师心相印.mp3', 'https://pub-7a334cb009c14e10bbcfee54bb593a2a.r2.dev/008%20%E4%B8%8E%E8%B0%9B%E9%97%B2%E5%A4%A7%E5%B8%88%E5%BF%83%E7%9B%B8%E5%8D%B0.mp3', NULL, NULL);
INSERT INTO episodes (series_id, episode_num, title, file_name, url, intro, story_number) VALUES ('yinguang-yonghuailu', 10, '与太虚大师的忘年交', '009 与太虚大师的忘年交.mp3', 'https://pub-7a334cb009c14e10bbcfee54bb593a2a.r2.dev/009%20%E4%B8%8E%E5%A4%AA%E8%99%9A%E5%A4%A7%E5%B8%88%E7%9A%84%E5%BF%98%E5%B9%B4%E4%BA%A4.mp3', NULL, NULL);
INSERT INTO episodes (series_id, episode_num, title, file_name, url, intro, story_number) VALUES ('yinguang-yonghuailu', 11, '虚云老和尚谈老实念佛', '010 虚云老和尚谈老实念佛.mp3', 'https://pub-7a334cb009c14e10bbcfee54bb593a2a.r2.dev/010%20%E8%99%9A%E4%BA%91%E8%80%81%E5%92%8C%E5%B0%9A%E8%B0%88%E8%80%81%E5%AE%9E%E5%BF%B5%E4%BD%9B.mp3', NULL, NULL);
INSERT INTO episodes (series_id, episode_num, title, file_name, url, intro, story_number) VALUES ('yinguang-yonghuailu', 12, '真达和尚', '011 真达和尚.mp3', 'https://pub-7a334cb009c14e10bbcfee54bb593a2a.r2.dev/011%20%E7%9C%9F%E8%BE%BE%E5%92%8C%E5%B0%9A.mp3', NULL, NULL);
INSERT INTO episodes (series_id, episode_num, title, file_name, url, intro, story_number) VALUES ('yinguang-yonghuailu', 13, '明道法师', '012 明道法师.mp3', 'https://pub-7a334cb009c14e10bbcfee54bb593a2a.r2.dev/012%20%E6%98%8E%E9%81%93%E6%B3%95%E5%B8%88.mp3', NULL, NULL);
INSERT INTO episodes (series_id, episode_num, title, file_name, url, intro, story_number) VALUES ('yinguang-yonghuailu', 14, '光照大醒', '013 光照大醒.mp3', 'https://pub-7a334cb009c14e10bbcfee54bb593a2a.r2.dev/013%20%E5%85%89%E7%85%A7%E5%A4%A7%E9%86%92.mp3', NULL, NULL);
INSERT INTO episodes (series_id, episode_num, title, file_name, url, intro, story_number) VALUES ('yinguang-yonghuailu', 15, '印光大师许我出家', '014 印光大师许我出家.mp3', 'https://pub-7a334cb009c14e10bbcfee54bb593a2a.r2.dev/014%20%E5%8D%B0%E5%85%89%E5%A4%A7%E5%B8%88%E8%AE%B8%E6%88%91%E5%87%BA%E5%AE%B6.mp3', NULL, NULL);
INSERT INTO episodes (series_id, episode_num, title, file_name, url, intro, story_number) VALUES ('yinguang-yonghuailu', 16, '海天佛国奇缘', '015 海天佛国奇缘.mp3', 'https://pub-7a334cb009c14e10bbcfee54bb593a2a.r2.dev/015%20%E6%B5%B7%E5%A4%A9%E4%BD%9B%E5%9B%BD%E5%A5%87%E7%BC%98.mp3', NULL, NULL);
INSERT INTO episodes (series_id, episode_num, title, file_name, url, intro, story_number) VALUES ('yinguang-yonghuailu', 17, '如何才能让你念佛', '016 如何才能让你念佛.mp3', 'https://pub-7a334cb009c14e10bbcfee54bb593a2a.r2.dev/016%20%E5%A6%82%E4%BD%95%E6%89%8D%E8%83%BD%E8%AE%A9%E4%BD%A0%E5%BF%B5%E4%BD%9B.mp3', NULL, NULL);
INSERT INTO episodes (series_id, episode_num, title, file_name, url, intro, story_number) VALUES ('yinguang-yonghuailu', 18, '高鹤年赈灾', '017 高鹤年赈灾.mp3', 'https://pub-7a334cb009c14e10bbcfee54bb593a2a.r2.dev/017%20%E9%AB%98%E9%B9%A4%E5%B9%B4%E8%B5%88%E7%81%BE.mp3', NULL, NULL);
INSERT INTO episodes (series_id, episode_num, title, file_name, url, intro, story_number) VALUES ('yinguang-yonghuailu', 19, '初次求皈依', '018 初次求皈依.mp3', 'https://pub-7a334cb009c14e10bbcfee54bb593a2a.r2.dev/018%20%E5%88%9D%E6%AC%A1%E6%B1%82%E7%9A%88%E4%BE%9D.mp3', NULL, NULL);
INSERT INTO episodes (series_id, episode_num, title, file_name, url, intro, story_number) VALUES ('yinguang-yonghuailu', 20, '雪庐老人念佛因缘', '019 雪庐老人念佛因缘.mp3', 'https://pub-7a334cb009c14e10bbcfee54bb593a2a.r2.dev/019%20%E9%9B%AA%E5%BA%90%E8%80%81%E4%BA%BA%E5%BF%B5%E4%BD%9B%E5%9B%A0%E7%BC%98.mp3', NULL, NULL);
INSERT INTO episodes (series_id, episode_num, title, file_name, url, intro, story_number) VALUES ('yinguang-yonghuailu', 21, '与续范亭将军的因缘', '020 与续范亭将军的因缘.mp3', 'https://pub-7a334cb009c14e10bbcfee54bb593a2a.r2.dev/020%20%E4%B8%8E%E7%BB%AD%E8%8C%83%E4%BA%AD%E5%B0%86%E5%86%9B%E7%9A%84%E5%9B%A0%E7%BC%98.mp3', NULL, NULL);
INSERT INTO episodes (series_id, episode_num, title, file_name, url, intro, story_number) VALUES ('yinguang-yonghuailu', 22, '黑老大的皈依', '021 黑老大的皈依.mp3', 'https://pub-7a334cb009c14e10bbcfee54bb593a2a.r2.dev/021%20%E9%BB%91%E8%80%81%E5%A4%A7%E7%9A%84%E7%9A%88%E4%BE%9D.mp3', NULL, NULL);
INSERT INTO episodes (series_id, episode_num, title, file_name, url, intro, story_number) VALUES ('yinguang-yonghuailu', 23, '温暖的手', '022 温暖的手.mp3', 'https://pub-7a334cb009c14e10bbcfee54bb593a2a.r2.dev/022%20%E6%B8%A9%E6%9A%96%E7%9A%84%E6%89%8B.mp3', NULL, NULL);
INSERT INTO episodes (series_id, episode_num, title, file_name, url, intro, story_number) VALUES ('yinguang-yonghuailu', 24, '再续前缘', '023 再续前缘.mp3', 'https://pub-7a334cb009c14e10bbcfee54bb593a2a.r2.dev/023%20%E5%86%8D%E7%BB%AD%E5%89%8D%E7%BC%98.mp3', NULL, NULL);
INSERT INTO episodes (series_id, episode_num, title, file_name, url, intro, story_number) VALUES ('yinguang-yonghuailu', 25, '相见缘', '024 相见缘.mp3', 'https://pub-7a334cb009c14e10bbcfee54bb593a2a.r2.dev/024%20%E7%9B%B8%E8%A7%81%E7%BC%98.mp3', NULL, NULL);
INSERT INTO episodes (series_id, episode_num, title, file_name, url, intro, story_number) VALUES ('yinguang-yonghuailu', 26, '梦里十年生华发', '025 梦里十年生华发.mp3', 'https://pub-7a334cb009c14e10bbcfee54bb593a2a.r2.dev/025%20%E6%A2%A6%E9%87%8C%E5%8D%81%E5%B9%B4%E7%94%9F%E5%8D%8E%E5%8F%91.mp3', NULL, NULL);
INSERT INTO episodes (series_id, episode_num, title, file_name, url, intro, story_number) VALUES ('yinguang-yonghuailu', 27, '最后的相伴', '026 最后的相伴.mp3', 'https://pub-7a334cb009c14e10bbcfee54bb593a2a.r2.dev/026%20%E6%9C%80%E5%90%8E%E7%9A%84%E7%9B%B8%E4%BC%B4.mp3', NULL, NULL);
INSERT INTO episodes (series_id, episode_num, title, file_name, url, intro, story_number) VALUES ('yinguang-yonghuailu', 28, '最后一夜', '027 最后一夜.mp3', 'https://pub-7a334cb009c14e10bbcfee54bb593a2a.r2.dev/027%20%E6%9C%80%E5%90%8E%E4%B8%80%E5%A4%9C.mp3', NULL, NULL);
INSERT INTO episodes (series_id, episode_num, title, file_name, url, intro, story_number) VALUES ('yinguang-yonghuailu', 29, '灵山旧影', '028 灵山旧影.mp3', 'https://pub-7a334cb009c14e10bbcfee54bb593a2a.r2.dev/028%20%E7%81%B5%E5%B1%B1%E6%97%A7%E5%BD%B1.mp3', NULL, NULL);
INSERT INTO episodes (series_id, episode_num, title, file_name, url, intro, story_number) VALUES ('yinguang-yonghuailu', 30, '哭悼恩师，誓愿追随', '029 哭悼恩师，誓愿追随.mp3', 'https://pub-7a334cb009c14e10bbcfee54bb593a2a.r2.dev/029%20%E5%93%AD%E6%82%BC%E6%81%A9%E5%B8%88%EF%BC%8C%E8%AA%93%E6%84%BF%E8%BF%BD%E9%9A%8F.mp3', NULL, NULL);
INSERT INTO episodes (series_id, episode_num, title, file_name, url, intro, story_number) VALUES ('yinguang-yonghuailu', 31, '同生西方', '030 同生西方.mp3', 'https://pub-7a334cb009c14e10bbcfee54bb593a2a.r2.dev/030%20%E5%90%8C%E7%94%9F%E8%A5%BF%E6%96%B9.mp3', NULL, NULL);
INSERT INTO episodes (series_id, episode_num, title, file_name, url, intro, story_number) VALUES ('yinguang-yonghuailu', 32, '大势至菩萨', '031 大势至菩萨.mp3', 'https://pub-7a334cb009c14e10bbcfee54bb593a2a.r2.dev/031%20%E5%A4%A7%E5%8A%BF%E8%87%B3%E8%8F%A9%E8%90%A8.mp3', NULL, NULL);
INSERT INTO episodes (series_id, episode_num, title, file_name, url, intro, story_number) VALUES ('yinguang-yonghuailu', 33, '遥祈默感', '032 遥祈默感.mp3', 'https://pub-7a334cb009c14e10bbcfee54bb593a2a.r2.dev/032%20%E9%81%A5%E7%A5%88%E9%BB%98%E6%84%9F.mp3', NULL, NULL);
INSERT INTO episodes (series_id, episode_num, title, file_name, url, intro, story_number) VALUES ('yinguang-yonghuailu', 34, '平易见功夫', '033 平易见功夫.mp3', 'https://pub-7a334cb009c14e10bbcfee54bb593a2a.r2.dev/033%20%E5%B9%B3%E6%98%93%E8%A7%81%E5%8A%9F%E5%A4%AB.mp3', NULL, NULL);
INSERT INTO episodes (series_id, episode_num, title, file_name, url, intro, story_number) VALUES ('yinguang-yonghuailu', 35, '回忆师恩', '034 回忆师恩.mp3', 'https://pub-7a334cb009c14e10bbcfee54bb593a2a.r2.dev/034%20%E5%9B%9E%E5%BF%86%E5%B8%88%E6%81%A9.mp3', NULL, NULL);
INSERT INTO episodes (series_id, episode_num, title, file_name, url, intro, story_number) VALUES ('yinguang-yonghuailu', 36, '天涯海角不放弃', '035 天涯海角不放弃.mp3', 'https://pub-7a334cb009c14e10bbcfee54bb593a2a.r2.dev/035%20%E5%A4%A9%E6%B6%AF%E6%B5%B7%E8%A7%92%E4%B8%8D%E6%94%BE%E5%BC%83.mp3', NULL, NULL);
INSERT INTO episodes (series_id, episode_num, title, file_name, url, intro, story_number) VALUES ('yinguang-yonghuailu', 37, '迷失红尘的悔悟', '036 迷失红尘的悔悟.mp3', 'https://pub-7a334cb009c14e10bbcfee54bb593a2a.r2.dev/036%20%E8%BF%B7%E5%A4%B1%E7%BA%A2%E5%B0%98%E7%9A%84%E6%82%94%E6%82%9F.mp3', NULL, NULL);
INSERT INTO episodes (series_id, episode_num, title, file_name, url, intro, story_number) VALUES ('yinguang-yonghuailu', 38, '师父', '037 师父.mp3', 'https://pub-7a334cb009c14e10bbcfee54bb593a2a.r2.dev/037%20%E5%B8%88%E7%88%B6.mp3', NULL, NULL);
INSERT INTO episodes (series_id, episode_num, title, file_name, url, intro, story_number) VALUES ('yinguang-yonghuailu', 39, '想起理发匠', '038 想起理发匠.mp3', 'https://pub-7a334cb009c14e10bbcfee54bb593a2a.r2.dev/038%20%E6%83%B3%E8%B5%B7%E7%90%86%E5%8F%91%E5%8C%A0.mp3', NULL, NULL);
INSERT INTO episodes (series_id, episode_num, title, file_name, url, intro, story_number) VALUES ('yinguang-yonghuailu', 40, '惭愧惭愧', '039 惭愧惭愧.mp3', 'https://pub-7a334cb009c14e10bbcfee54bb593a2a.r2.dev/039%20%E6%83%AD%E6%84%A7%E6%83%AD%E6%84%A7.mp3', NULL, NULL);
INSERT INTO episodes (series_id, episode_num, title, file_name, url, intro, story_number) VALUES ('yinguang-yonghuailu', 41, '归净', '040 归净.mp3', 'https://pub-7a334cb009c14e10bbcfee54bb593a2a.r2.dev/040%20%E5%BD%92%E5%87%80.mp3', NULL, NULL);
INSERT INTO episodes (series_id, episode_num, title, file_name, url, intro, story_number) VALUES ('yinguang-yonghuailu', 42, '我想出家', '041 我想出家.mp3', 'https://pub-7a334cb009c14e10bbcfee54bb593a2a.r2.dev/041%20%E6%88%91%E6%83%B3%E5%87%BA%E5%AE%B6.mp3', NULL, NULL);
INSERT INTO episodes (series_id, episode_num, title, file_name, url, intro, story_number) VALUES ('yinguang-yonghuailu', 43, '妙笔止净', '042 妙笔止净.mp3', 'https://pub-7a334cb009c14e10bbcfee54bb593a2a.r2.dev/042%20%E5%A6%99%E7%AC%94%E6%AD%A2%E5%87%80.mp3', NULL, NULL);
INSERT INTO episodes (series_id, episode_num, title, file_name, url, intro, story_number) VALUES ('yinguang-yonghuailu', 44, '千里供养的宁居士', '043 千里供养的宁居士.mp3', 'https://pub-7a334cb009c14e10bbcfee54bb593a2a.r2.dev/043%20%E5%8D%83%E9%87%8C%E4%BE%9B%E5%85%BB%E7%9A%84%E5%AE%81%E5%B1%85%E5%A3%AB.mp3', NULL, NULL);
INSERT INTO episodes (series_id, episode_num, title, file_name, url, intro, story_number) VALUES ('yinguang-yonghuailu', 45, '赈灾济贫', '044 赈灾济贫.mp3', 'https://pub-7a334cb009c14e10bbcfee54bb593a2a.r2.dev/044%20%E8%B5%88%E7%81%BE%E6%B5%8E%E8%B4%AB.mp3', NULL, NULL);
INSERT INTO episodes (series_id, episode_num, title, file_name, url, intro, story_number) VALUES ('yinguang-yonghuailu', 46, '克己奉公', '045 克己奉公.mp3', 'https://pub-7a334cb009c14e10bbcfee54bb593a2a.r2.dev/045%20%E5%85%8B%E5%B7%B1%E5%A5%89%E5%85%AC.mp3', NULL, NULL);
INSERT INTO episodes (series_id, episode_num, title, file_name, url, intro, story_number) VALUES ('yinguang-yonghuailu', 47, '事必躬亲', '046 事必躬亲.mp3', 'https://pub-7a334cb009c14e10bbcfee54bb593a2a.r2.dev/046%20%E4%BA%8B%E5%BF%85%E8%BA%AC%E4%BA%B2.mp3', NULL, NULL);
INSERT INTO episodes (series_id, episode_num, title, file_name, url, intro, story_number) VALUES ('yinguang-yonghuailu', 48, '高风亮节', '047 高风亮节.mp3', 'https://pub-7a334cb009c14e10bbcfee54bb593a2a.r2.dev/047%20%E9%AB%98%E9%A3%8E%E4%BA%AE%E8%8A%82.mp3', NULL, NULL);
INSERT INTO episodes (series_id, episode_num, title, file_name, url, intro, story_number) VALUES ('yinguang-yonghuailu', 49, '反对立传', '048 反对立传.mp3', 'https://pub-7a334cb009c14e10bbcfee54bb593a2a.r2.dev/048%20%E5%8F%8D%E5%AF%B9%E7%AB%8B%E4%BC%A0.mp3', NULL, NULL);
INSERT INTO episodes (series_id, episode_num, title, file_name, url, intro, story_number) VALUES ('yinguang-yonghuailu', 50, '少管闲事', '049 少管闲事.mp3', 'https://pub-7a334cb009c14e10bbcfee54bb593a2a.r2.dev/049%20%E5%B0%91%E7%AE%A1%E9%97%B2%E4%BA%8B.mp3', NULL, NULL);
INSERT INTO episodes (series_id, episode_num, title, file_name, url, intro, story_number) VALUES ('yinguang-yonghuailu', 51, '圣量会的取消', '050 圣量会的取消.mp3', 'https://pub-7a334cb009c14e10bbcfee54bb593a2a.r2.dev/050%20%E5%9C%A3%E9%87%8F%E4%BC%9A%E7%9A%84%E5%8F%96%E6%B6%88.mp3', NULL, NULL);
INSERT INTO episodes (series_id, episode_num, title, file_name, url, intro, story_number) VALUES ('yinguang-yonghuailu', 52, '万丈高楼平地起', '051 万丈高楼平地起.mp3', 'https://pub-7a334cb009c14e10bbcfee54bb593a2a.r2.dev/051%20%E4%B8%87%E4%B8%88%E9%AB%98%E6%A5%BC%E5%B9%B3%E5%9C%B0%E8%B5%B7.mp3', NULL, NULL);
INSERT INTO episodes (series_id, episode_num, title, file_name, url, intro, story_number) VALUES ('yinguang-yonghuailu', 53, '教育子女', '052 教育子女.mp3', 'https://pub-7a334cb009c14e10bbcfee54bb593a2a.r2.dev/052%20%E6%95%99%E8%82%B2%E5%AD%90%E5%A5%B3.mp3', NULL, NULL);
INSERT INTO episodes (series_id, episode_num, title, file_name, url, intro, story_number) VALUES ('yinguang-yonghuailu', 54, '忍辱求和', '053 忍辱求和.mp3', 'https://pub-7a334cb009c14e10bbcfee54bb593a2a.r2.dev/053%20%E5%BF%8D%E8%BE%B1%E6%B1%82%E5%92%8C.mp3', NULL, NULL);
INSERT INTO episodes (series_id, episode_num, title, file_name, url, intro, story_number) VALUES ('yinguang-yonghuailu', 55, '调教幼僧', '054 调教幼僧.mp3', 'https://pub-7a334cb009c14e10bbcfee54bb593a2a.r2.dev/054%20%E8%B0%83%E6%95%99%E5%B9%BC%E5%83%A7.mp3', NULL, NULL);
INSERT INTO episodes (series_id, episode_num, title, file_name, url, intro, story_number) VALUES ('yinguang-yonghuailu', 56, '小虎“格心”', '055 小虎“格心”.mp3', 'https://pub-7a334cb009c14e10bbcfee54bb593a2a.r2.dev/055%20%E5%B0%8F%E8%99%8E%E2%80%9C%E6%A0%BC%E5%BF%83%E2%80%9D.mp3', NULL, NULL);
INSERT INTO episodes (series_id, episode_num, title, file_name, url, intro, story_number) VALUES ('yinguang-yonghuailu', 57, '吃肉', '056 吃肉.mp3', 'https://pub-7a334cb009c14e10bbcfee54bb593a2a.r2.dev/056%20%E5%90%83%E8%82%89.mp3', NULL, NULL);
INSERT INTO episodes (series_id, episode_num, title, file_name, url, intro, story_number) VALUES ('yinguang-yonghuailu', 58, '富贵人断荤', '057 富贵人断荤.mp3', 'https://pub-7a334cb009c14e10bbcfee54bb593a2a.r2.dev/057%20%E5%AF%8C%E8%B4%B5%E4%BA%BA%E6%96%AD%E8%8D%A4.mp3', NULL, NULL);
INSERT INTO episodes (series_id, episode_num, title, file_name, url, intro, story_number) VALUES ('yinguang-yonghuailu', 59, '吃素因缘', '058 吃素因缘.mp3', 'https://pub-7a334cb009c14e10bbcfee54bb593a2a.r2.dev/058%20%E5%90%83%E7%B4%A0%E5%9B%A0%E7%BC%98.mp3', NULL, NULL);
INSERT INTO episodes (series_id, episode_num, title, file_name, url, intro, story_number) VALUES ('yinguang-yonghuailu', 60, '大师赠药方', '059 大师赠药方.mp3', 'https://pub-7a334cb009c14e10bbcfee54bb593a2a.r2.dev/059%20%E5%A4%A7%E5%B8%88%E8%B5%A0%E8%8D%AF%E6%96%B9.mp3', NULL, NULL);
INSERT INTO episodes (series_id, episode_num, title, file_name, url, intro, story_number) VALUES ('yinguang-yonghuailu', 61, '大师登广告', '060 大师登广告.mp3', 'https://pub-7a334cb009c14e10bbcfee54bb593a2a.r2.dev/060%20%E5%A4%A7%E5%B8%88%E7%99%BB%E5%B9%BF%E5%91%8A.mp3', NULL, NULL);
INSERT INTO episodes (series_id, episode_num, title, file_name, url, intro, story_number) VALUES ('yinguang-yonghuailu', 62, '拟建道场的因果', '61 拟建道场的因果.mp3', 'https://pub-7a334cb009c14e10bbcfee54bb593a2a.r2.dev/61%20%E6%8B%9F%E5%BB%BA%E9%81%93%E5%9C%BA%E7%9A%84%E5%9B%A0%E6%9E%9C.mp3', NULL, NULL);
INSERT INTO episodes (series_id, episode_num, title, file_name, url, intro, story_number) VALUES ('yinguang-yonghuailu', 63, '求生志向', '62 求生志向.mp3', 'https://pub-7a334cb009c14e10bbcfee54bb593a2a.r2.dev/62%20%E6%B1%82%E7%94%9F%E5%BF%97%E5%90%91.mp3', NULL, NULL);
INSERT INTO episodes (series_id, episode_num, title, file_name, url, intro, story_number) VALUES ('yinguang-yonghuailu', 64, '悲悯囚徒', '63 悲悯囚徒.mp3', 'https://pub-7a334cb009c14e10bbcfee54bb593a2a.r2.dev/63%20%E6%82%B2%E6%82%AF%E5%9B%9A%E5%BE%92.mp3', NULL, NULL);
INSERT INTO episodes (series_id, episode_num, title, file_name, url, intro, story_number) VALUES ('yinguang-yonghuailu', 65, '慧佐之死', '64 慧佐之死.mp3', 'https://pub-7a334cb009c14e10bbcfee54bb593a2a.r2.dev/64%20%E6%85%A7%E4%BD%90%E4%B9%8B%E6%AD%BB.mp3', NULL, NULL);
INSERT INTO episodes (series_id, episode_num, title, file_name, url, intro, story_number) VALUES ('yinguang-yonghuailu', 66, '“寿康宝鉴”印赠因缘', '65 “寿康宝鉴”印赠因缘.mp3', 'https://pub-7a334cb009c14e10bbcfee54bb593a2a.r2.dev/65%20%E2%80%9C%E5%AF%BF%E5%BA%B7%E5%AE%9D%E9%89%B4%E2%80%9D%E5%8D%B0%E8%B5%A0%E5%9B%A0%E7%BC%98.mp3', NULL, NULL);
INSERT INTO episodes (series_id, episode_num, title, file_name, url, intro, story_number) VALUES ('yinguang-yonghuailu', 67, '弃妇莫怨', '66 弃妇莫怨.mp3', 'https://pub-7a334cb009c14e10bbcfee54bb593a2a.r2.dev/66%20%E5%BC%83%E5%A6%87%E8%8E%AB%E6%80%A8.mp3', NULL, NULL);
INSERT INTO episodes (series_id, episode_num, title, file_name, url, intro, story_number) VALUES ('yinguang-yonghuailu', 68, '劝告厌世的人', '67 劝告厌世的人.mp3', 'https://pub-7a334cb009c14e10bbcfee54bb593a2a.r2.dev/67%20%E5%8A%9D%E5%91%8A%E5%8E%8C%E4%B8%96%E7%9A%84%E4%BA%BA.mp3', NULL, NULL);
INSERT INTO episodes (series_id, episode_num, title, file_name, url, intro, story_number) VALUES ('yinguang-yonghuailu', 69, '劝自杀者', '68 劝自杀者.mp3', 'https://pub-7a334cb009c14e10bbcfee54bb593a2a.r2.dev/68%20%E5%8A%9D%E8%87%AA%E6%9D%80%E8%80%85.mp3', NULL, NULL);
INSERT INTO episodes (series_id, episode_num, title, file_name, url, intro, story_number) VALUES ('yinguang-yonghuailu', 70, '三界无安 犹如火宅', '69 三界无安 犹如火宅.mp3', 'https://pub-7a334cb009c14e10bbcfee54bb593a2a.r2.dev/69%20%E4%B8%89%E7%95%8C%E6%97%A0%E5%AE%89%20%E7%8A%B9%E5%A6%82%E7%81%AB%E5%AE%85.mp3', NULL, NULL);
INSERT INTO episodes (series_id, episode_num, title, file_name, url, intro, story_number) VALUES ('yinguang-yonghuailu', 71, '怕什么东西', '70 怕什么东西.mp3', 'https://pub-7a334cb009c14e10bbcfee54bb593a2a.r2.dev/70%20%E6%80%95%E4%BB%80%E4%B9%88%E4%B8%9C%E8%A5%BF.mp3', NULL, NULL);
INSERT INTO episodes (series_id, episode_num, title, file_name, url, intro, story_number) VALUES ('yinguang-yonghuailu', 72, '法名', '71 法名.mp3', 'https://pub-7a334cb009c14e10bbcfee54bb593a2a.r2.dev/71%20%E6%B3%95%E5%90%8D.mp3', NULL, NULL);
INSERT INTO episodes (series_id, episode_num, title, file_name, url, intro, story_number) VALUES ('yinguang-yonghuailu', 73, '佛法东传中国', '72 佛法东传中国.mp3', 'https://pub-7a334cb009c14e10bbcfee54bb593a2a.r2.dev/72%20%E4%BD%9B%E6%B3%95%E4%B8%9C%E4%BC%A0%E4%B8%AD%E5%9B%BD.mp3', NULL, NULL);
INSERT INTO episodes (series_id, episode_num, title, file_name, url, intro, story_number) VALUES ('yinguang-yonghuailu', 74, '庐山道场', '73 庐山道场.mp3', 'https://pub-7a334cb009c14e10bbcfee54bb593a2a.r2.dev/73%20%E5%BA%90%E5%B1%B1%E9%81%93%E5%9C%BA.mp3', NULL, NULL);
INSERT INTO episodes (series_id, episode_num, title, file_name, url, intro, story_number) VALUES ('yinguang-yonghuailu', 75, '灵岩道场', '74 灵岩道场.mp3', 'https://pub-7a334cb009c14e10bbcfee54bb593a2a.r2.dev/74%20%E7%81%B5%E5%B2%A9%E9%81%93%E5%9C%BA.mp3', NULL, NULL);
INSERT INTO episodes (series_id, episode_num, title, file_name, url, intro, story_number) VALUES ('yinguang-yonghuailu', 76, '南五台山', '75 南五台山.mp3', 'https://pub-7a334cb009c14e10bbcfee54bb593a2a.r2.dev/75%20%E5%8D%97%E4%BA%94%E5%8F%B0%E5%B1%B1.mp3', NULL, NULL);
INSERT INTO episodes (series_id, episode_num, title, file_name, url, intro, story_number) VALUES ('yinguang-yonghuailu', 77, '游戏神通', '76 游戏神通.mp3', 'https://pub-7a334cb009c14e10bbcfee54bb593a2a.r2.dev/76%20%E6%B8%B8%E6%88%8F%E7%A5%9E%E9%80%9A.mp3', NULL, NULL);
INSERT INTO episodes (series_id, episode_num, title, file_name, url, intro, story_number) VALUES ('yinguang-yonghuailu', 78, '薄荷', '77 薄荷.mp3', 'https://pub-7a334cb009c14e10bbcfee54bb593a2a.r2.dev/77%20%E8%96%84%E8%8D%B7.mp3', NULL, NULL);
INSERT INTO episodes (series_id, episode_num, title, file_name, url, intro, story_number) VALUES ('yinguang-yonghuailu', 79, '三生石', '78 三生石.mp3', 'https://pub-7a334cb009c14e10bbcfee54bb593a2a.r2.dev/78%20%E4%B8%89%E7%94%9F%E7%9F%B3.mp3', NULL, NULL);
INSERT INTO episodes (series_id, episode_num, title, file_name, url, intro, story_number) VALUES ('yinguang-yonghuailu', 80, '智积菩萨', '79 智积菩萨.mp3', 'https://pub-7a334cb009c14e10bbcfee54bb593a2a.r2.dev/79%20%E6%99%BA%E7%A7%AF%E8%8F%A9%E8%90%A8.mp3', NULL, NULL);
INSERT INTO episodes (series_id, episode_num, title, file_name, url, intro, story_number) VALUES ('yinguang-yonghuailu', 81, '镇蟒塔', '80 镇蟒塔.mp3', 'https://pub-7a334cb009c14e10bbcfee54bb593a2a.r2.dev/80%20%E9%95%87%E8%9F%92%E5%A1%94.mp3', NULL, NULL);
INSERT INTO episodes (series_id, episode_num, title, file_name, url, intro, story_number) VALUES ('yinguang-yonghuailu', 82, '法照大师遇文殊菩萨', '81 法照大师遇文殊菩萨.mp3', 'https://pub-7a334cb009c14e10bbcfee54bb593a2a.r2.dev/81%20%E6%B3%95%E7%85%A7%E5%A4%A7%E5%B8%88%E9%81%87%E6%96%87%E6%AE%8A%E8%8F%A9%E8%90%A8.mp3', NULL, NULL);
INSERT INTO episodes (series_id, episode_num, title, file_name, url, intro, story_number) VALUES ('yinguang-yonghuailu', 83, '五台山人皮鼓', '82 五台山人皮鼓.mp3', 'https://pub-7a334cb009c14e10bbcfee54bb593a2a.r2.dev/82%20%E4%BA%94%E5%8F%B0%E5%B1%B1%E4%BA%BA%E7%9A%AE%E9%BC%93.mp3', NULL, NULL);
INSERT INTO episodes (series_id, episode_num, title, file_name, url, intro, story_number) VALUES ('yinguang-yonghuailu', 84, '幽冥钟', '83 幽冥钟.mp3', 'https://pub-7a334cb009c14e10bbcfee54bb593a2a.r2.dev/83%20%E5%B9%BD%E5%86%A5%E9%92%9F.mp3', NULL, NULL);
INSERT INTO episodes (series_id, episode_num, title, file_name, url, intro, story_number) VALUES ('yinguang-yonghuailu', 85, '杨岐灯盏、宝寿生姜', '84 杨岐灯盏、宝寿生姜.mp3', 'https://pub-7a334cb009c14e10bbcfee54bb593a2a.r2.dev/84%20%E6%9D%A8%E5%B2%90%E7%81%AF%E7%9B%8F%E3%80%81%E5%AE%9D%E5%AF%BF%E7%94%9F%E5%A7%9C.mp3', NULL, NULL);
INSERT INTO episodes (series_id, episode_num, title, file_name, url, intro, story_number) VALUES ('yinguang-yonghuailu', 86, '隔世的迷失', '85 隔世的迷失.mp3', 'https://pub-7a334cb009c14e10bbcfee54bb593a2a.r2.dev/85%20%E9%9A%94%E4%B8%96%E7%9A%84%E8%BF%B7%E5%A4%B1.mp3', NULL, NULL);
INSERT INTO episodes (series_id, episode_num, title, file_name, url, intro, story_number) VALUES ('yinguang-yonghuailu', 87, '金子般的回首', '86 金子般的回首.mp3', 'https://pub-7a334cb009c14e10bbcfee54bb593a2a.r2.dev/86%20%E9%87%91%E5%AD%90%E8%88%AC%E7%9A%84%E5%9B%9E%E9%A6%96.mp3', NULL, NULL);
INSERT INTO episodes (series_id, episode_num, title, file_name, url, intro, story_number) VALUES ('yinguang-yonghuailu', 88, '莲池殊宏', '87 莲池殊宏.mp3', 'https://pub-7a334cb009c14e10bbcfee54bb593a2a.r2.dev/87%20%E8%8E%B2%E6%B1%A0%E6%AE%8A%E5%AE%8F.mp3', NULL, NULL);
INSERT INTO episodes (series_id, episode_num, title, file_name, url, intro, story_number) VALUES ('yinguang-yonghuailu', 89, '臭鞋底专打作诗嘴', '88 臭鞋底专打作诗嘴.mp3', 'https://pub-7a334cb009c14e10bbcfee54bb593a2a.r2.dev/88%20%E8%87%AD%E9%9E%8B%E5%BA%95%E4%B8%93%E6%89%93%E4%BD%9C%E8%AF%97%E5%98%B4.mp3', NULL, NULL);
INSERT INTO episodes (series_id, episode_num, title, file_name, url, intro, story_number) VALUES ('yinguang-yonghuailu', 90, '瘫子应供', '89 瘫子应供.mp3', 'https://pub-7a334cb009c14e10bbcfee54bb593a2a.r2.dev/89%20%E7%98%AB%E5%AD%90%E5%BA%94%E4%BE%9B.mp3', NULL, NULL);
INSERT INTO episodes (series_id, episode_num, title, file_name, url, intro, story_number) VALUES ('yinguang-yonghuailu', 91, '洪水无损佛像', '90 洪水无损佛像.mp3', 'https://pub-7a334cb009c14e10bbcfee54bb593a2a.r2.dev/90%20%E6%B4%AA%E6%B0%B4%E6%97%A0%E6%8D%9F%E4%BD%9B%E5%83%8F.mp3', NULL, NULL);
INSERT INTO episodes (series_id, episode_num, title, file_name, url, intro, story_number) VALUES ('yinguang-yonghuailu', 92, '他心通', '91 他心通.mp3', 'https://pub-7a334cb009c14e10bbcfee54bb593a2a.r2.dev/91%20%E4%BB%96%E5%BF%83%E9%80%9A.mp3', NULL, NULL);
INSERT INTO episodes (series_id, episode_num, title, file_name, url, intro, story_number) VALUES ('yinguang-yonghuailu', 93, '缁门孝子', '92 缁门孝子.mp3', 'https://pub-7a334cb009c14e10bbcfee54bb593a2a.r2.dev/92%20%E7%BC%81%E9%97%A8%E5%AD%9D%E5%AD%90.mp3', NULL, NULL);
INSERT INTO episodes (series_id, episode_num, title, file_name, url, intro, story_number) VALUES ('yinguang-yonghuailu', 94, '孟盈', '95 孟盈.mp3', 'https://pub-7a334cb009c14e10bbcfee54bb593a2a.r2.dev/95%20%E5%AD%9F%E7%9B%88.mp3', NULL, NULL);
INSERT INTO episodes (series_id, episode_num, title, file_name, url, intro, story_number) VALUES ('yinguang-yonghuailu', 95, '王恭抄经', '96 王恭抄经.mp3', 'https://pub-7a334cb009c14e10bbcfee54bb593a2a.r2.dev/96%20%E7%8E%8B%E6%81%AD%E6%8A%84%E7%BB%8F.mp3', NULL, NULL);
INSERT INTO episodes (series_id, episode_num, title, file_name, url, intro, story_number) VALUES ('yinguang-yonghuailu', 96, '怨亲得度 自登莲池', '97 怨亲得度 自登莲池.mp3', 'https://pub-7a334cb009c14e10bbcfee54bb593a2a.r2.dev/97%20%E6%80%A8%E4%BA%B2%E5%BE%97%E5%BA%A6%20%E8%87%AA%E7%99%BB%E8%8E%B2%E6%B1%A0.mp3', NULL, NULL);
INSERT INTO episodes (series_id, episode_num, title, file_name, url, intro, story_number) VALUES ('yinguang-yonghuailu', 97, '将错就错 西方极乐', '98 将错就错 西方极乐.mp3', 'https://pub-7a334cb009c14e10bbcfee54bb593a2a.r2.dev/98%20%E5%B0%86%E9%94%99%E5%B0%B1%E9%94%99%20%E8%A5%BF%E6%96%B9%E6%9E%81%E4%B9%90.mp3', NULL, NULL);
INSERT INTO episodes (series_id, episode_num, title, file_name, url, intro, story_number) VALUES ('yinguang-yonghuailu', 98, '苏东坡自误往生', '99 苏东坡自误往生.mp3', 'https://pub-7a334cb009c14e10bbcfee54bb593a2a.r2.dev/99%20%E8%8B%8F%E4%B8%9C%E5%9D%A1%E8%87%AA%E8%AF%AF%E5%BE%80%E7%94%9F.mp3', NULL, NULL);
INSERT INTO episodes (series_id, episode_num, title, file_name, url, intro, story_number) VALUES ('yinguang-yonghuailu', 99, '美女变脸', '100 美女变脸.mp3', 'https://pub-7a334cb009c14e10bbcfee54bb593a2a.r2.dev/100%20%E7%BE%8E%E5%A5%B3%E5%8F%98%E8%84%B8.mp3', NULL, NULL);
INSERT INTO episodes (series_id, episode_num, title, file_name, url, intro, story_number) VALUES ('yinguang-yonghuailu', 100, '杀鸡记录', '101 杀鸡记录.mp3', 'https://pub-7a334cb009c14e10bbcfee54bb593a2a.r2.dev/101%20%E6%9D%80%E9%B8%A1%E8%AE%B0%E5%BD%95.mp3', NULL, NULL);
INSERT INTO episodes (series_id, episode_num, title, file_name, url, intro, story_number) VALUES ('yinguang-yonghuailu', 101, '三僧三甲', '102 三僧三甲.mp3', 'https://pub-7a334cb009c14e10bbcfee54bb593a2a.r2.dev/102%20%E4%B8%89%E5%83%A7%E4%B8%89%E7%94%B2.mp3', NULL, NULL);
INSERT INTO episodes (series_id, episode_num, title, file_name, url, intro, story_number) VALUES ('yinguang-yonghuailu', 102, '良医自诬', '103 良医自诬.mp3', 'https://pub-7a334cb009c14e10bbcfee54bb593a2a.r2.dev/103%20%E8%89%AF%E5%8C%BB%E8%87%AA%E8%AF%AC.mp3', NULL, NULL);
INSERT INTO episodes (series_id, episode_num, title, file_name, url, intro, story_number) VALUES ('yinguang-yonghuailu', 103, '感同身受 放下屠刀', '104 感同身受 放下屠刀.mp3', 'https://pub-7a334cb009c14e10bbcfee54bb593a2a.r2.dev/104%20%E6%84%9F%E5%90%8C%E8%BA%AB%E5%8F%97%20%E6%94%BE%E4%B8%8B%E5%B1%A0%E5%88%80.mp3', NULL, NULL);
INSERT INTO episodes (series_id, episode_num, title, file_name, url, intro, story_number) VALUES ('yinguang-yonghuailu', 104, '华藏见娘', '105 华藏见娘.mp3', 'https://pub-7a334cb009c14e10bbcfee54bb593a2a.r2.dev/105%20%E5%8D%8E%E8%97%8F%E8%A7%81%E5%A8%98.mp3', NULL, NULL);
INSERT INTO episodes (series_id, episode_num, title, file_name, url, intro, story_number) VALUES ('yinguang-yonghuailu', 105, '通智法师往生记', '106 通智法师往生记.mp3', 'https://pub-7a334cb009c14e10bbcfee54bb593a2a.r2.dev/106%20%E9%80%9A%E6%99%BA%E6%B3%95%E5%B8%88%E5%BE%80%E7%94%9F%E8%AE%B0.mp3', NULL, NULL);
INSERT INTO episodes (series_id, episode_num, title, file_name, url, intro, story_number) VALUES ('yinguang-yonghuailu', 106, '今彩大师往生记', '107 今彩大师往生记.mp3', 'https://pub-7a334cb009c14e10bbcfee54bb593a2a.r2.dev/107%20%E4%BB%8A%E5%BD%A9%E5%A4%A7%E5%B8%88%E5%BE%80%E7%94%9F%E8%AE%B0.mp3', NULL, NULL);
INSERT INTO episodes (series_id, episode_num, title, file_name, url, intro, story_number) VALUES ('yinguang-yonghuailu', 107, '周紫珊居士生西记', '108 周紫珊居士生西记.mp3', 'https://pub-7a334cb009c14e10bbcfee54bb593a2a.r2.dev/108%20%E5%91%A8%E7%B4%AB%E7%8F%8A%E5%B1%85%E5%A3%AB%E7%94%9F%E8%A5%BF%E8%AE%B0.mp3', NULL, NULL);
INSERT INTO episodes (series_id, episode_num, title, file_name, url, intro, story_number) VALUES ('yinguang-yonghuailu', 108, '沙健庵居士往生记', '109 沙健庵居士往生记.mp3', 'https://pub-7a334cb009c14e10bbcfee54bb593a2a.r2.dev/109%20%E6%B2%99%E5%81%A5%E5%BA%B5%E5%B1%85%E5%A3%AB%E5%BE%80%E7%94%9F%E8%AE%B0.mp3', NULL, NULL);
INSERT INTO episodes (series_id, episode_num, title, file_name, url, intro, story_number) VALUES ('yinguang-yonghuailu', 109, '罗梓生居士生西记', '110 罗梓生居士生西记.mp3', 'https://pub-7a334cb009c14e10bbcfee54bb593a2a.r2.dev/110%20%E7%BD%97%E6%A2%93%E7%94%9F%E5%B1%85%E5%A3%AB%E7%94%9F%E8%A5%BF%E8%AE%B0.mp3', NULL, NULL);
INSERT INTO episodes (series_id, episode_num, title, file_name, url, intro, story_number) VALUES ('yinguang-yonghuailu', 110, '傅春浦居士生西记', '111 傅春浦居士生西记.mp3', 'https://pub-7a334cb009c14e10bbcfee54bb593a2a.r2.dev/111%20%E5%82%85%E6%98%A5%E6%B5%A6%E5%B1%85%E5%A3%AB%E7%94%9F%E8%A5%BF%E8%AE%B0.mp3', NULL, NULL);
INSERT INTO episodes (series_id, episode_num, title, file_name, url, intro, story_number) VALUES ('yinguang-yonghuailu', 111, '马通白居士妻女往生记', '112 马通白居士妻女往生记.mp3', 'https://pub-7a334cb009c14e10bbcfee54bb593a2a.r2.dev/112%20%E9%A9%AC%E9%80%9A%E7%99%BD%E5%B1%85%E5%A3%AB%E5%A6%BB%E5%A5%B3%E5%BE%80%E7%94%9F%E8%AE%B0.mp3', NULL, NULL);
INSERT INTO episodes (series_id, episode_num, title, file_name, url, intro, story_number) VALUES ('yinguang-yonghuailu', 112, '胡了常居士往生纪实', '113 胡了常居士往生纪实.mp3', 'https://pub-7a334cb009c14e10bbcfee54bb593a2a.r2.dev/113%20%E8%83%A1%E4%BA%86%E5%B8%B8%E5%B1%85%E5%A3%AB%E5%BE%80%E7%94%9F%E7%BA%AA%E5%AE%9E.mp3', NULL, NULL);
INSERT INTO episodes (series_id, episode_num, title, file_name, url, intro, story_number) VALUES ('yinguang-yonghuailu', 113, '乐慧静优婆夷生西记', '114 乐慧静优婆夷生西记.mp3', 'https://pub-7a334cb009c14e10bbcfee54bb593a2a.r2.dev/114%20%E4%B9%90%E6%85%A7%E9%9D%99%E4%BC%98%E5%A9%86%E5%A4%B7%E7%94%9F%E8%A5%BF%E8%AE%B0.mp3', NULL, NULL);
INSERT INTO episodes (series_id, episode_num, title, file_name, url, intro, story_number) VALUES ('yinguang-yonghuailu', 114, '白鹅往生', '115 白鹅往生.mp3', 'https://pub-7a334cb009c14e10bbcfee54bb593a2a.r2.dev/115%20%E7%99%BD%E9%B9%85%E5%BE%80%E7%94%9F.mp3', NULL, NULL);
INSERT INTO episodes (series_id, episode_num, title, file_name, url, intro, story_number) VALUES ('yinguang-yonghuailu', 115, '桥亭观音', '116 桥亭观音.mp3', 'https://pub-7a334cb009c14e10bbcfee54bb593a2a.r2.dev/116%20%E6%A1%A5%E4%BA%AD%E8%A7%82%E9%9F%B3.mp3', NULL, NULL);
INSERT INTO episodes (series_id, episode_num, title, file_name, url, intro, story_number) VALUES ('yinguang-yonghuailu', 116, '云南僧', '117 云南僧.mp3', 'https://pub-7a334cb009c14e10bbcfee54bb593a2a.r2.dev/117%20%E4%BA%91%E5%8D%97%E5%83%A7.mp3', NULL, NULL);
INSERT INTO episodes (series_id, episode_num, title, file_name, url, intro, story_number) VALUES ('yinguang-yonghuailu', 117, '高僧错失西方', '118 高僧错失西方.mp3', 'https://pub-7a334cb009c14e10bbcfee54bb593a2a.r2.dev/118%20%E9%AB%98%E5%83%A7%E9%94%99%E5%A4%B1%E8%A5%BF%E6%96%B9.mp3', NULL, NULL);
INSERT INTO episodes (series_id, episode_num, title, file_name, url, intro, story_number) VALUES ('yinguang-yonghuailu', 118, '念佛感应', '119 念佛感应.mp3', 'https://pub-7a334cb009c14e10bbcfee54bb593a2a.r2.dev/119%20%E5%BF%B5%E4%BD%9B%E6%84%9F%E5%BA%94.mp3', NULL, NULL);
INSERT INTO episodes (series_id, episode_num, title, file_name, url, intro, story_number) VALUES ('yinguang-yonghuailu', 119, '恶霸念佛', '120 恶霸念佛.mp3', 'https://pub-7a334cb009c14e10bbcfee54bb593a2a.r2.dev/120%20%E6%81%B6%E9%9C%B8%E5%BF%B5%E4%BD%9B.mp3', NULL, NULL);
INSERT INTO episodes (series_id, episode_num, title, file_name, url, intro, story_number) VALUES ('yinguang-yonghuailu', 120, '听佛号功德', '121 听佛号功德.mp3', 'https://pub-7a334cb009c14e10bbcfee54bb593a2a.r2.dev/121%20%E5%90%AC%E4%BD%9B%E5%8F%B7%E5%8A%9F%E5%BE%B7.mp3', NULL, NULL);
INSERT INTO episodes (series_id, episode_num, title, file_name, url, intro, story_number) VALUES ('yinguang-yonghuailu', 121, '风流鬼的忏悔', '122 风流鬼的忏悔.mp3', 'https://pub-7a334cb009c14e10bbcfee54bb593a2a.r2.dev/122%20%E9%A3%8E%E6%B5%81%E9%AC%BC%E7%9A%84%E5%BF%8F%E6%82%94.mp3', NULL, NULL);
INSERT INTO episodes (series_id, episode_num, title, file_name, url, intro, story_number) VALUES ('yinguang-yonghuailu', 122, '对面不识冤家', '123 对面不识冤家.mp3', 'https://pub-7a334cb009c14e10bbcfee54bb593a2a.r2.dev/123%20%E5%AF%B9%E9%9D%A2%E4%B8%8D%E8%AF%86%E5%86%A4%E5%AE%B6.mp3', NULL, NULL);
INSERT INTO episodes (series_id, episode_num, title, file_name, url, intro, story_number) VALUES ('yinguang-yonghuailu', 123, '第十四人', '124 第十四人.mp3', 'https://pub-7a334cb009c14e10bbcfee54bb593a2a.r2.dev/124%20%E7%AC%AC%E5%8D%81%E5%9B%9B%E4%BA%BA.mp3', NULL, NULL);
INSERT INTO episodes (series_id, episode_num, title, file_name, url, intro, story_number) VALUES ('yinguang-yonghuailu', 124, '劝谏督军', '125 劝谏督军.mp3', 'https://pub-7a334cb009c14e10bbcfee54bb593a2a.r2.dev/125%20%E5%8A%9D%E8%B0%8F%E7%9D%A3%E5%86%9B.mp3', NULL, NULL);
INSERT INTO episodes (series_id, episode_num, title, file_name, url, intro, story_number) VALUES ('yinguang-yonghuailu', 125, '愿代众生苦', '126 愿代众生苦.mp3', 'https://pub-7a334cb009c14e10bbcfee54bb593a2a.r2.dev/126%20%E6%84%BF%E4%BB%A3%E4%BC%97%E7%94%9F%E8%8B%A6.mp3', NULL, NULL);
INSERT INTO episodes (series_id, episode_num, title, file_name, url, intro, story_number) VALUES ('yinguang-yonghuailu', 126, '代母忏悔', '127 代母忏悔.mp3', 'https://pub-7a334cb009c14e10bbcfee54bb593a2a.r2.dev/127%20%E4%BB%A3%E6%AF%8D%E5%BF%8F%E6%82%94.mp3', NULL, NULL);
INSERT INTO episodes (series_id, episode_num, title, file_name, url, intro, story_number) VALUES ('yinguang-yonghuailu', 127, '两江总督死不瞑目', '128 两江总督死不瞑目.mp3', 'https://pub-7a334cb009c14e10bbcfee54bb593a2a.r2.dev/128%20%E4%B8%A4%E6%B1%9F%E6%80%BB%E7%9D%A3%E6%AD%BB%E4%B8%8D%E7%9E%91%E7%9B%AE.mp3', NULL, NULL);
INSERT INTO episodes (series_id, episode_num, title, file_name, url, intro, story_number) VALUES ('yinguang-yonghuailu', 128, '大惭愧 大勇猛', '129 大惭愧 大勇猛.mp3', 'https://pub-7a334cb009c14e10bbcfee54bb593a2a.r2.dev/129%20%E5%A4%A7%E6%83%AD%E6%84%A7%20%E5%A4%A7%E5%8B%87%E7%8C%9B.mp3', NULL, NULL);
INSERT INTO episodes (series_id, episode_num, title, file_name, url, intro, story_number) VALUES ('yinguang-yonghuailu', 129, '军中念佛', '130 军中念佛.mp3', 'https://pub-7a334cb009c14e10bbcfee54bb593a2a.r2.dev/130%20%E5%86%9B%E4%B8%AD%E5%BF%B5%E4%BD%9B.mp3', NULL, NULL);
INSERT INTO episodes (series_id, episode_num, title, file_name, url, intro, story_number) VALUES ('yinguang-yonghuailu', 130, '信佛因缘', '131 信佛因缘.mp3', 'https://pub-7a334cb009c14e10bbcfee54bb593a2a.r2.dev/131%20%E4%BF%A1%E4%BD%9B%E5%9B%A0%E7%BC%98.mp3', NULL, NULL);
INSERT INTO episodes (series_id, episode_num, title, file_name, url, intro, story_number) VALUES ('yinguang-yonghuailu', 131, '绑票奇迹', '132 绑票奇迹.mp3', 'https://pub-7a334cb009c14e10bbcfee54bb593a2a.r2.dev/132%20%E7%BB%91%E7%A5%A8%E5%A5%87%E8%BF%B9.mp3', NULL, NULL);
INSERT INTO episodes (series_id, episode_num, title, file_name, url, intro, story_number) VALUES ('yinguang-yonghuailu', 132, '慈航救渡', '133 慈航救渡.mp3', 'https://pub-7a334cb009c14e10bbcfee54bb593a2a.r2.dev/133%20%E6%85%88%E8%88%AA%E6%95%91%E6%B8%A1.mp3', NULL, NULL);
INSERT INTO episodes (series_id, episode_num, title, file_name, url, intro, story_number) VALUES ('yinguang-yonghuailu', 133, '炮火下的宁静', '134 炮火下的宁静.mp3', 'https://pub-7a334cb009c14e10bbcfee54bb593a2a.r2.dev/134%20%E7%82%AE%E7%81%AB%E4%B8%8B%E7%9A%84%E5%AE%81%E9%9D%99.mp3', NULL, NULL);
INSERT INTO episodes (series_id, episode_num, title, file_name, url, intro, story_number) VALUES ('yinguang-yonghuailu', 134, '虎口余生', '135 虎口余生.mp3', 'https://pub-7a334cb009c14e10bbcfee54bb593a2a.r2.dev/135%20%E8%99%8E%E5%8F%A3%E4%BD%99%E7%94%9F.mp3', NULL, NULL);
INSERT INTO episodes (series_id, episode_num, title, file_name, url, intro, story_number) VALUES ('yinguang-yonghuailu', 135, '难产念观音', '136 难产念观音.mp3', 'https://pub-7a334cb009c14e10bbcfee54bb593a2a.r2.dev/136%20%E9%9A%BE%E4%BA%A7%E5%BF%B5%E8%A7%82%E9%9F%B3.mp3', NULL, NULL);
INSERT INTO episodes (series_id, episode_num, title, file_name, url, intro, story_number) VALUES ('yinguang-yonghuailu', 136, '饭店戒杀', '137 饭店戒杀.mp3', 'https://pub-7a334cb009c14e10bbcfee54bb593a2a.r2.dev/137%20%E9%A5%AD%E5%BA%97%E6%88%92%E6%9D%80.mp3', NULL, NULL);
INSERT INTO episodes (series_id, episode_num, title, file_name, url, intro, story_number) VALUES ('yinguang-yonghuailu', 137, '家和秘诀', '138 家和秘诀.mp3', 'https://pub-7a334cb009c14e10bbcfee54bb593a2a.r2.dev/138%20%E5%AE%B6%E5%92%8C%E7%A7%98%E8%AF%80.mp3', NULL, NULL);
INSERT INTO episodes (series_id, episode_num, title, file_name, url, intro, story_number) VALUES ('yinguang-yonghuailu', 138, '善度亲友', '139 善度亲友.mp3', 'https://pub-7a334cb009c14e10bbcfee54bb593a2a.r2.dev/139%20%E5%96%84%E5%BA%A6%E4%BA%B2%E5%8F%8B.mp3', NULL, NULL);
INSERT INTO episodes (series_id, episode_num, title, file_name, url, intro, story_number) VALUES ('yinguang-yonghuailu', 139, '掌权与度众生', '140 掌权与度众生.mp3', 'https://pub-7a334cb009c14e10bbcfee54bb593a2a.r2.dev/140%20%E6%8E%8C%E6%9D%83%E4%B8%8E%E5%BA%A6%E4%BC%97%E7%94%9F.mp3', NULL, NULL);
INSERT INTO episodes (series_id, episode_num, title, file_name, url, intro, story_number) VALUES ('yinguang-yonghuailu', 140, '报应的早晚', '141 报应的早晚.mp3', 'https://pub-7a334cb009c14e10bbcfee54bb593a2a.r2.dev/141%20%E6%8A%A5%E5%BA%94%E7%9A%84%E6%97%A9%E6%99%9A.mp3', NULL, NULL);
INSERT INTO episodes (series_id, episode_num, title, file_name, url, intro, story_number) VALUES ('yinguang-yonghuailu', 141, '因果报应', '142 因果报应.mp3', 'https://pub-7a334cb009c14e10bbcfee54bb593a2a.r2.dev/142%20%E5%9B%A0%E6%9E%9C%E6%8A%A5%E5%BA%94.mp3', NULL, NULL);
INSERT INTO episodes (series_id, episode_num, title, file_name, url, intro, story_number) VALUES ('yinguang-yonghuailu', 142, '果报通三世 转变在人心', '143 果报通三世 转变在人心.mp3', 'https://pub-7a334cb009c14e10bbcfee54bb593a2a.r2.dev/143%20%E6%9E%9C%E6%8A%A5%E9%80%9A%E4%B8%89%E4%B8%96%20%E8%BD%AC%E5%8F%98%E5%9C%A8%E4%BA%BA%E5%BF%83.mp3', NULL, NULL);
INSERT INTO episodes (series_id, episode_num, title, file_name, url, intro, story_number) VALUES ('yinguang-yonghuailu', 143, '断恶决心', '144 断恶决心.mp3', 'https://pub-7a334cb009c14e10bbcfee54bb593a2a.r2.dev/144%20%E6%96%AD%E6%81%B6%E5%86%B3%E5%BF%83.mp3', NULL, NULL);
INSERT INTO episodes (series_id, episode_num, title, file_name, url, intro, story_number) VALUES ('yinguang-yonghuailu', 144, '佛不保佑吗', '145 佛不保佑吗.mp3', 'https://pub-7a334cb009c14e10bbcfee54bb593a2a.r2.dev/145%20%E4%BD%9B%E4%B8%8D%E4%BF%9D%E4%BD%91%E5%90%97.mp3', NULL, NULL);
INSERT INTO episodes (series_id, episode_num, title, file_name, url, intro, story_number) VALUES ('yinguang-yonghuailu', 145, '修福造业', '146 修福造业.mp3', 'https://pub-7a334cb009c14e10bbcfee54bb593a2a.r2.dev/146%20%E4%BF%AE%E7%A6%8F%E9%80%A0%E4%B8%9A.mp3', NULL, NULL);
INSERT INTO episodes (series_id, episode_num, title, file_name, url, intro, story_number) VALUES ('yinguang-yonghuailu', 146, '皈依三宝', '147 皈依三宝.mp3', 'https://pub-7a334cb009c14e10bbcfee54bb593a2a.r2.dev/147%20%E7%9A%88%E4%BE%9D%E4%B8%89%E5%AE%9D.mp3', NULL, NULL);
INSERT INTO episodes (series_id, episode_num, title, file_name, url, intro, story_number) VALUES ('yinguang-yonghuailu', 147, '恭敬佛法', '148 恭敬佛法.mp3', 'https://pub-7a334cb009c14e10bbcfee54bb593a2a.r2.dev/148%20%E6%81%AD%E6%95%AC%E4%BD%9B%E6%B3%95.mp3', NULL, NULL);
INSERT INTO episodes (series_id, episode_num, title, file_name, url, intro, story_number) VALUES ('yinguang-yonghuailu', 148, '泥塑木雕的佛像', '149泥塑木雕的佛像.mp3', 'https://pub-7a334cb009c14e10bbcfee54bb593a2a.r2.dev/149%E6%B3%A5%E5%A1%91%E6%9C%A8%E9%9B%95%E7%9A%84%E4%BD%9B%E5%83%8F.mp3', NULL, NULL);
INSERT INTO episodes (series_id, episode_num, title, file_name, url, intro, story_number) VALUES ('yinguang-yonghuailu', 149, '观音菩萨是女的吗', '150 观音菩萨是女的吗.mp3', 'https://pub-7a334cb009c14e10bbcfee54bb593a2a.r2.dev/150%20%E8%A7%82%E9%9F%B3%E8%8F%A9%E8%90%A8%E6%98%AF%E5%A5%B3%E7%9A%84%E5%90%97.mp3', NULL, NULL);
INSERT INTO episodes (series_id, episode_num, title, file_name, url, intro, story_number) VALUES ('yinguang-yonghuailu', 150, '观世音菩萨普门示现', '151 观世音菩萨普门示现.mp3', 'https://pub-7a334cb009c14e10bbcfee54bb593a2a.r2.dev/151%20%E8%A7%82%E4%B8%96%E9%9F%B3%E8%8F%A9%E8%90%A8%E6%99%AE%E9%97%A8%E7%A4%BA%E7%8E%B0.mp3', NULL, NULL);
INSERT INTO episodes (series_id, episode_num, title, file_name, url, intro, story_number) VALUES ('yinguang-yonghuailu', 151, '善导大师立地而化', '152 善导大师立地而化.mp3', 'https://pub-7a334cb009c14e10bbcfee54bb593a2a.r2.dev/152%20%E5%96%84%E5%AF%BC%E5%A4%A7%E5%B8%88%E7%AB%8B%E5%9C%B0%E8%80%8C%E5%8C%96.mp3', NULL, NULL);
INSERT INTO episodes (series_id, episode_num, title, file_name, url, intro, story_number) VALUES ('yinguang-yonghuailu', 152, '如何应对虫害', '153 如何应对虫害.mp3', 'https://pub-7a334cb009c14e10bbcfee54bb593a2a.r2.dev/153%20%E5%A6%82%E4%BD%95%E5%BA%94%E5%AF%B9%E8%99%AB%E5%AE%B3.mp3', NULL, NULL);
INSERT INTO episodes (series_id, episode_num, title, file_name, url, intro, story_number) VALUES ('yinguang-yonghuailu', 153, '除陋习', '154 除陋习.mp3', 'https://pub-7a334cb009c14e10bbcfee54bb593a2a.r2.dev/154%20%E9%99%A4%E9%99%8B%E4%B9%A0.mp3', NULL, NULL);
INSERT INTO episodes (series_id, episode_num, title, file_name, url, intro, story_number) VALUES ('yinguang-yonghuailu', 154, '吃菜杀生吗', '155 吃菜杀生吗.mp3', 'https://pub-7a334cb009c14e10bbcfee54bb593a2a.r2.dev/155%20%E5%90%83%E8%8F%9C%E6%9D%80%E7%94%9F%E5%90%97.mp3', NULL, NULL);
INSERT INTO episodes (series_id, episode_num, title, file_name, url, intro, story_number) VALUES ('yinguang-yonghuailu', 155, '放生', '156 放生.mp3', 'https://pub-7a334cb009c14e10bbcfee54bb593a2a.r2.dev/156%20%E6%94%BE%E7%94%9F.mp3', NULL, NULL);
INSERT INTO episodes (series_id, episode_num, title, file_name, url, intro, story_number) VALUES ('yinguang-yonghuailu', 156, '鸡蛋', '157 鸡蛋.mp3', 'https://pub-7a334cb009c14e10bbcfee54bb593a2a.r2.dev/157%20%E9%B8%A1%E8%9B%8B.mp3', NULL, NULL);
INSERT INTO episodes (series_id, episode_num, title, file_name, url, intro, story_number) VALUES ('yinguang-yonghuailu', 157, '卖香人须知', '158 卖香人须知.mp3', 'https://pub-7a334cb009c14e10bbcfee54bb593a2a.r2.dev/158%20%E5%8D%96%E9%A6%99%E4%BA%BA%E9%A1%BB%E7%9F%A5.mp3', NULL, NULL);
INSERT INTO episodes (series_id, episode_num, title, file_name, url, intro, story_number) VALUES ('yinguang-yonghuailu', 158, '佛法与气功', '159 佛法与气功.mp3', 'https://pub-7a334cb009c14e10bbcfee54bb593a2a.r2.dev/159%20%E4%BD%9B%E6%B3%95%E4%B8%8E%E6%B0%94%E5%8A%9F.mp3', NULL, NULL);
INSERT INTO episodes (series_id, episode_num, title, file_name, url, intro, story_number) VALUES ('yinguang-yonghuailu', 159, '大妄语', '160 大妄语.mp3', 'https://pub-7a334cb009c14e10bbcfee54bb593a2a.r2.dev/160%20%E5%A4%A7%E5%A6%84%E8%AF%AD.mp3', NULL, NULL);
INSERT INTO episodes (series_id, episode_num, title, file_name, url, intro, story_number) VALUES ('yinguang-yonghuailu', 160, '能学济公喝酒吃肉吗', '161 能学济公喝酒吃肉吗.mp3', 'https://pub-7a334cb009c14e10bbcfee54bb593a2a.r2.dev/161%20%E8%83%BD%E5%AD%A6%E6%B5%8E%E5%85%AC%E5%96%9D%E9%85%92%E5%90%83%E8%82%89%E5%90%97.mp3', NULL, NULL);
INSERT INTO episodes (series_id, episode_num, title, file_name, url, intro, story_number) VALUES ('yinguang-yonghuailu', 161, '求子秘诀', '162 求子秘诀.mp3', 'https://pub-7a334cb009c14e10bbcfee54bb593a2a.r2.dev/162%20%E6%B1%82%E5%AD%90%E7%A7%98%E8%AF%80.mp3', NULL, NULL);
INSERT INTO episodes (series_id, episode_num, title, file_name, url, intro, story_number) VALUES ('yinguang-yonghuailu', 162, '妇女学佛须知', '163 妇女学佛须知.mp3', 'https://pub-7a334cb009c14e10bbcfee54bb593a2a.r2.dev/163%20%E5%A6%87%E5%A5%B3%E5%AD%A6%E4%BD%9B%E9%A1%BB%E7%9F%A5.mp3', NULL, NULL);
INSERT INTO episodes (series_id, episode_num, title, file_name, url, intro, story_number) VALUES ('yinguang-yonghuailu', 163, '假我的屋子', '164 假我的屋子.mp3', 'https://pub-7a334cb009c14e10bbcfee54bb593a2a.r2.dev/164%20%E5%81%87%E6%88%91%E7%9A%84%E5%B1%8B%E5%AD%90.mp3', NULL, NULL);
INSERT INTO episodes (series_id, episode_num, title, file_name, url, intro, story_number) VALUES ('yinguang-yonghuailu', 164, '对治嗔恚', '165 对治嗔恚.mp3', 'https://pub-7a334cb009c14e10bbcfee54bb593a2a.r2.dev/165%20%E5%AF%B9%E6%B2%BB%E5%97%94%E6%81%9A.mp3', NULL, NULL);
INSERT INTO episodes (series_id, episode_num, title, file_name, url, intro, story_number) VALUES ('yinguang-yonghuailu', 165, '对治烦恼', '166 对治烦恼.mp3', 'https://pub-7a334cb009c14e10bbcfee54bb593a2a.r2.dev/166%20%E5%AF%B9%E6%B2%BB%E7%83%A6%E6%81%BC.mp3', NULL, NULL);
INSERT INTO episodes (series_id, episode_num, title, file_name, url, intro, story_number) VALUES ('yinguang-yonghuailu', 166, '当敬尊经', '167 当敬尊经.mp3', 'https://pub-7a334cb009c14e10bbcfee54bb593a2a.r2.dev/167%20%E5%BD%93%E6%95%AC%E5%B0%8A%E7%BB%8F.mp3', NULL, NULL);
INSERT INTO episodes (series_id, episode_num, title, file_name, url, intro, story_number) VALUES ('yinguang-yonghuailu', 167, '读经方法', '168 读经方法.mp3', 'https://pub-7a334cb009c14e10bbcfee54bb593a2a.r2.dev/168%20%E8%AF%BB%E7%BB%8F%E6%96%B9%E6%B3%95.mp3', NULL, NULL);
INSERT INTO episodes (series_id, episode_num, title, file_name, url, intro, story_number) VALUES ('yinguang-yonghuailu', 168, '厚德载福', '169 厚德载福.mp3', 'https://pub-7a334cb009c14e10bbcfee54bb593a2a.r2.dev/169%20%E5%8E%9A%E5%BE%B7%E8%BD%BD%E7%A6%8F.mp3', NULL, NULL);

-- 系列: 净土圣贤录 (20 集)
INSERT INTO series (id, category_id, title, title_en, speaker, speaker_en, bucket, folder, total_episodes, intro, sort_order) VALUES ('jingtushengxian-lu', 'youshengshu', '净土圣贤录', 'Records of Pure Land Sages', '东林寺', 'Donglin Temple', 'jingtushengxian', NULL, 20, '历代净土宗祖师及往生者的修行事迹有声传记', 2);
INSERT INTO episodes (series_id, episode_num, title, file_name, url, intro, story_number) VALUES ('jingtushengxian-lu', 1, '莲宗初祖慧远大师（东晋·慧远大师）', '莲宗初祖慧远大师（东晋·慧远大师）.mp3', 'https://pub-05d3db9f377146d5bb450025565f7d1b.r2.dev/%E8%8E%B2%E5%AE%97%E5%88%9D%E7%A5%96%E6%85%A7%E8%BF%9C%E5%A4%A7%E5%B8%88%EF%BC%88%E4%B8%9C%E6%99%8B%C2%B7%E6%85%A7%E8%BF%9C%E5%A4%A7%E5%B8%88%EF%BC%89.mp3', NULL, NULL);
INSERT INTO episodes (series_id, episode_num, title, file_name, url, intro, story_number) VALUES ('jingtushengxian-lu', 2, '莲宗二祖善导大师（唐·善导大师）', '莲宗二祖善导大师（唐·善导大师）.mp3', 'https://pub-05d3db9f377146d5bb450025565f7d1b.r2.dev/%E8%8E%B2%E5%AE%97%E4%BA%8C%E7%A5%96%E5%96%84%E5%AF%BC%E5%A4%A7%E5%B8%88%EF%BC%88%E5%94%90%C2%B7%E5%96%84%E5%AF%BC%E5%A4%A7%E5%B8%88%EF%BC%89.mp3', NULL, NULL);
INSERT INTO episodes (series_id, episode_num, title, file_name, url, intro, story_number) VALUES ('jingtushengxian-lu', 3, '莲宗三祖承远大师（唐·承远大师）', '莲宗三祖承远大师（唐·承远大师）.mp3', 'https://pub-05d3db9f377146d5bb450025565f7d1b.r2.dev/%E8%8E%B2%E5%AE%97%E4%B8%89%E7%A5%96%E6%89%BF%E8%BF%9C%E5%A4%A7%E5%B8%88%EF%BC%88%E5%94%90%C2%B7%E6%89%BF%E8%BF%9C%E5%A4%A7%E5%B8%88%EF%BC%89.mp3', NULL, NULL);
INSERT INTO episodes (series_id, episode_num, title, file_name, url, intro, story_number) VALUES ('jingtushengxian-lu', 4, '莲宗四祖法照大师（唐·法照大师）', '莲宗四祖法照大师（唐·法照大师）.mp3', 'https://pub-05d3db9f377146d5bb450025565f7d1b.r2.dev/%E8%8E%B2%E5%AE%97%E5%9B%9B%E7%A5%96%E6%B3%95%E7%85%A7%E5%A4%A7%E5%B8%88%EF%BC%88%E5%94%90%C2%B7%E6%B3%95%E7%85%A7%E5%A4%A7%E5%B8%88%EF%BC%89.mp3', NULL, NULL);
INSERT INTO episodes (series_id, episode_num, title, file_name, url, intro, story_number) VALUES ('jingtushengxian-lu', 5, '莲宗五祖少康大师（唐·少康大师）', '莲宗五祖少康大师（唐·少康大师）.mp3', 'https://pub-05d3db9f377146d5bb450025565f7d1b.r2.dev/%E8%8E%B2%E5%AE%97%E4%BA%94%E7%A5%96%E5%B0%91%E5%BA%B7%E5%A4%A7%E5%B8%88%EF%BC%88%E5%94%90%C2%B7%E5%B0%91%E5%BA%B7%E5%A4%A7%E5%B8%88%EF%BC%89.mp3', NULL, NULL);
INSERT INTO episodes (series_id, episode_num, title, file_name, url, intro, story_number) VALUES ('jingtushengxian-lu', 6, '莲宗六祖永明大师（宋·永明延寿大师）', '莲宗六祖永明大师（宋·永明延寿大师）.mp3', 'https://pub-05d3db9f377146d5bb450025565f7d1b.r2.dev/%E8%8E%B2%E5%AE%97%E5%85%AD%E7%A5%96%E6%B0%B8%E6%98%8E%E5%A4%A7%E5%B8%88%EF%BC%88%E5%AE%8B%C2%B7%E6%B0%B8%E6%98%8E%E5%BB%B6%E5%AF%BF%E5%A4%A7%E5%B8%88%EF%BC%89.mp3', NULL, NULL);
INSERT INTO episodes (series_id, episode_num, title, file_name, url, intro, story_number) VALUES ('jingtushengxian-lu', 7, '莲宗七祖省常大师（宋·省常大师）', '莲宗七祖省常大师（宋·省常大师）.mp3', 'https://pub-05d3db9f377146d5bb450025565f7d1b.r2.dev/%E8%8E%B2%E5%AE%97%E4%B8%83%E7%A5%96%E7%9C%81%E5%B8%B8%E5%A4%A7%E5%B8%88%EF%BC%88%E5%AE%8B%C2%B7%E7%9C%81%E5%B8%B8%E5%A4%A7%E5%B8%88%EF%BC%89.mp3', NULL, NULL);
INSERT INTO episodes (series_id, episode_num, title, file_name, url, intro, story_number) VALUES ('jingtushengxian-lu', 8, '莲宗八祖莲池大师（明·莲池大师）', '莲宗八祖莲池大师（明·莲池大师）.mp3', 'https://pub-05d3db9f377146d5bb450025565f7d1b.r2.dev/%E8%8E%B2%E5%AE%97%E5%85%AB%E7%A5%96%E8%8E%B2%E6%B1%A0%E5%A4%A7%E5%B8%88%EF%BC%88%E6%98%8E%C2%B7%E8%8E%B2%E6%B1%A0%E5%A4%A7%E5%B8%88%EF%BC%89.mp3', NULL, NULL);
INSERT INTO episodes (series_id, episode_num, title, file_name, url, intro, story_number) VALUES ('jingtushengxian-lu', 9, '莲宗九祖蕅益大师（明·蕅益大师）', '莲宗九祖蕅益大师（明·蕅益大师）.mp3', 'https://pub-05d3db9f377146d5bb450025565f7d1b.r2.dev/%E8%8E%B2%E5%AE%97%E4%B9%9D%E7%A5%96%E8%95%85%E7%9B%8A%E5%A4%A7%E5%B8%88%EF%BC%88%E6%98%8E%C2%B7%E8%95%85%E7%9B%8A%E5%A4%A7%E5%B8%88%EF%BC%89.mp3', NULL, NULL);
INSERT INTO episodes (series_id, episode_num, title, file_name, url, intro, story_number) VALUES ('jingtushengxian-lu', 10, '莲宗十祖截流大师（清·截流大师）', '莲宗十祖截流大师（清·截流大师）.mp3', 'https://pub-05d3db9f377146d5bb450025565f7d1b.r2.dev/%E8%8E%B2%E5%AE%97%E5%8D%81%E7%A5%96%E6%88%AA%E6%B5%81%E5%A4%A7%E5%B8%88%EF%BC%88%E6%B8%85%C2%B7%E6%88%AA%E6%B5%81%E5%A4%A7%E5%B8%88%EF%BC%89.mp3', NULL, NULL);
INSERT INTO episodes (series_id, episode_num, title, file_name, url, intro, story_number) VALUES ('jingtushengxian-lu', 11, '莲宗十一祖省庵大师（清·省庵大师）', '莲宗十一祖省庵大师（清·省庵大师）.mp3', 'https://pub-05d3db9f377146d5bb450025565f7d1b.r2.dev/%E8%8E%B2%E5%AE%97%E5%8D%81%E4%B8%80%E7%A5%96%E7%9C%81%E5%BA%B5%E5%A4%A7%E5%B8%88%EF%BC%88%E6%B8%85%C2%B7%E7%9C%81%E5%BA%B5%E5%A4%A7%E5%B8%88%EF%BC%89.mp3', NULL, NULL);
INSERT INTO episodes (series_id, episode_num, title, file_name, url, intro, story_number) VALUES ('jingtushengxian-lu', 12, '莲宗十二祖彻悟大师（清·彻悟大师）', '莲宗十二祖彻悟大师（清·彻悟大师）.mp3', 'https://pub-05d3db9f377146d5bb450025565f7d1b.r2.dev/%E8%8E%B2%E5%AE%97%E5%8D%81%E4%BA%8C%E7%A5%96%E5%BD%BB%E6%82%9F%E5%A4%A7%E5%B8%88%EF%BC%88%E6%B8%85%C2%B7%E5%BD%BB%E6%82%9F%E5%A4%A7%E5%B8%88%EF%BC%89.mp3', NULL, NULL);
INSERT INTO episodes (series_id, episode_num, title, file_name, url, intro, story_number) VALUES ('jingtushengxian-lu', 13, '莲宗十三祖印光大师（民国·印光大师）', '莲宗十三祖印光大师（民国·印光大师）.mp3', 'https://pub-05d3db9f377146d5bb450025565f7d1b.r2.dev/%E8%8E%B2%E5%AE%97%E5%8D%81%E4%B8%89%E7%A5%96%E5%8D%B0%E5%85%89%E5%A4%A7%E5%B8%88%EF%BC%88%E6%B0%91%E5%9B%BD%C2%B7%E5%8D%B0%E5%85%89%E5%A4%A7%E5%B8%88%EF%BC%89.mp3', NULL, NULL);
INSERT INTO episodes (series_id, episode_num, title, file_name, url, intro, story_number) VALUES ('jingtushengxian-lu', 14, '东林十八高贤刘遗民（东晋·刘遗民）', '东林十八高贤刘遗民（东晋·刘遗民）.mp3', 'https://pub-05d3db9f377146d5bb450025565f7d1b.r2.dev/%E4%B8%9C%E6%9E%97%E5%8D%81%E5%85%AB%E9%AB%98%E8%B4%A4%E5%88%98%E9%81%97%E6%B0%91%EF%BC%88%E4%B8%9C%E6%99%8B%C2%B7%E5%88%98%E9%81%97%E6%B0%91%EF%BC%89.mp3', NULL, NULL);
INSERT INTO episodes (series_id, episode_num, title, file_name, url, intro, story_number) VALUES ('jingtushengxian-lu', 15, '东林圣贤往生（一）（东晋·慧持、慧永、僧济）', '东林圣贤往生（一）（东晋·慧持、慧永、僧济）.mp3', 'https://pub-05d3db9f377146d5bb450025565f7d1b.r2.dev/%E4%B8%9C%E6%9E%97%E5%9C%A3%E8%B4%A4%E5%BE%80%E7%94%9F%EF%BC%88%E4%B8%80%EF%BC%89%EF%BC%88%E4%B8%9C%E6%99%8B%C2%B7%E6%85%A7%E6%8C%81%E3%80%81%E6%85%A7%E6%B0%B8%E3%80%81%E5%83%A7%E6%B5%8E%EF%BC%89.mp3', NULL, NULL);
INSERT INTO episodes (series_id, episode_num, title, file_name, url, intro, story_number) VALUES ('jingtushengxian-lu', 16, '东林圣贤往生（二）（东晋·慧恭、昙恒 刘宋·道敬、昙顺）', '东林圣贤往生（二）（东晋·慧恭、昙恒 刘宋·道敬、昙顺）.mp3', 'https://pub-05d3db9f377146d5bb450025565f7d1b.r2.dev/%E4%B8%9C%E6%9E%97%E5%9C%A3%E8%B4%A4%E5%BE%80%E7%94%9F%EF%BC%88%E4%BA%8C%EF%BC%89%EF%BC%88%E4%B8%9C%E6%99%8B%C2%B7%E6%85%A7%E6%81%AD%E3%80%81%E6%98%99%E6%81%92%20%E5%88%98%E5%AE%8B%C2%B7%E9%81%93%E6%95%AC%E3%80%81%E6%98%99%E9%A1%BA%EF%BC%89.mp3', NULL, NULL);
INSERT INTO episodes (series_id, episode_num, title, file_name, url, intro, story_number) VALUES ('jingtushengxian-lu', 17, '东林圣贤往生（三）（刘宋·道昺、僧叡、昙诜）', '东林圣贤往生（三）（刘宋·道昺、僧叡、昙诜）.mp3', 'https://pub-05d3db9f377146d5bb450025565f7d1b.r2.dev/%E4%B8%9C%E6%9E%97%E5%9C%A3%E8%B4%A4%E5%BE%80%E7%94%9F%EF%BC%88%E4%B8%89%EF%BC%89%EF%BC%88%E5%88%98%E5%AE%8B%C2%B7%E9%81%93%E6%98%BA%E3%80%81%E5%83%A7%E5%8F%A1%E3%80%81%E6%98%99%E8%AF%9C%EF%BC%89.mp3', NULL, NULL);
INSERT INTO episodes (series_id, episode_num, title, file_name, url, intro, story_number) VALUES ('jingtushengxian-lu', 18, '佛驮跋陀罗尊者（东晋·佛驮跋陀罗）', '佛驮跋陀罗尊者（东晋·佛驮跋陀罗）.mp3', 'https://pub-05d3db9f377146d5bb450025565f7d1b.r2.dev/%E4%BD%9B%E9%A9%AE%E8%B7%8B%E9%99%80%E7%BD%97%E5%B0%8A%E8%80%85%EF%BC%88%E4%B8%9C%E6%99%8B%C2%B7%E4%BD%9B%E9%A9%AE%E8%B7%8B%E9%99%80%E7%BD%97%EF%BC%89.mp3', NULL, NULL);
INSERT INTO episodes (series_id, episode_num, title, file_name, url, intro, story_number) VALUES ('jingtushengxian-lu', 19, '弃官不做修净业（东晋·张野 张诠）', '弃官不做修净业（东晋·张野 张诠）.mp3', 'https://pub-05d3db9f377146d5bb450025565f7d1b.r2.dev/%E5%BC%83%E5%AE%98%E4%B8%8D%E5%81%9A%E4%BF%AE%E5%87%80%E4%B8%9A%EF%BC%88%E4%B8%9C%E6%99%8B%C2%B7%E5%BC%A0%E9%87%8E%20%E5%BC%A0%E8%AF%A0%EF%BC%89.mp3', NULL, NULL);
INSERT INTO episodes (series_id, episode_num, title, file_name, url, intro, story_number) VALUES ('jingtushengxian-lu', 20, '焚毁仙经修净业（南北朝·昙鸾大师）', '焚毁仙经修净业（南北朝·昙鸾大师）.mp3', 'https://pub-05d3db9f377146d5bb450025565f7d1b.r2.dev/%E7%84%9A%E6%AF%81%E4%BB%99%E7%BB%8F%E4%BF%AE%E5%87%80%E4%B8%9A%EF%BC%88%E5%8D%97%E5%8C%97%E6%9C%9D%C2%B7%E6%98%99%E9%B8%BE%E5%A4%A7%E5%B8%88%EF%BC%89.mp3', NULL, NULL);

-- 系列: 大安法师讲故事 (80 集)
INSERT INTO series (id, category_id, title, title_en, speaker, speaker_en, bucket, folder, total_episodes, intro, sort_order) VALUES ('daanfashi-jiangushi', 'youshengshu', '大安法师讲故事', 'Dharma Stories by Master Da''an', '大安法师', 'Master Da''an', 'daanfashi', '大安法师讲故事', 80, '大安法师以佛教故事阐明因果事理，启发信愿念佛', 3);
INSERT INTO episodes (series_id, episode_num, title, file_name, url, intro, story_number) VALUES ('daanfashi-jiangushi', 1, '重法如山', '001-大安法师故事 1集 重法如山.mp3', 'https://pub-7be57e30faae4f81bbd76b61006ac8fc.r2.dev/%E5%A4%A7%E5%AE%89%E6%B3%95%E5%B8%88%E8%AE%B2%E6%95%85%E4%BA%8B/001-%E5%A4%A7%E5%AE%89%E6%B3%95%E5%B8%88%E6%95%85%E4%BA%8B%201%E9%9B%86%20%E9%87%8D%E6%B3%95%E5%A6%82%E5%B1%B1.mp3', NULL, 1);
INSERT INTO episodes (series_id, episode_num, title, file_name, url, intro, story_number) VALUES ('daanfashi-jiangushi', 2, '轮回路险', '002-大安法师故事 2集 轮回路险.mp3', 'https://pub-7be57e30faae4f81bbd76b61006ac8fc.r2.dev/%E5%A4%A7%E5%AE%89%E6%B3%95%E5%B8%88%E8%AE%B2%E6%95%85%E4%BA%8B/002-%E5%A4%A7%E5%AE%89%E6%B3%95%E5%B8%88%E6%95%85%E4%BA%8B%202%E9%9B%86%20%E8%BD%AE%E5%9B%9E%E8%B7%AF%E9%99%A9.mp3', NULL, 2);
INSERT INTO episodes (series_id, episode_num, title, file_name, url, intro, story_number) VALUES ('daanfashi-jiangushi', 3, '断臂求法', '003-大安法师故事 3集 断臂求法.mp3', 'https://pub-7be57e30faae4f81bbd76b61006ac8fc.r2.dev/%E5%A4%A7%E5%AE%89%E6%B3%95%E5%B8%88%E8%AE%B2%E6%95%85%E4%BA%8B/003-%E5%A4%A7%E5%AE%89%E6%B3%95%E5%B8%88%E6%95%85%E4%BA%8B%203%E9%9B%86%20%E6%96%AD%E8%87%82%E6%B1%82%E6%B3%95.mp3', NULL, 3);
INSERT INTO episodes (series_id, episode_num, title, file_name, url, intro, story_number) VALUES ('daanfashi-jiangushi', 4, '智者大师', '004-大安法师故事 4集 智者大师.mp3', 'https://pub-7be57e30faae4f81bbd76b61006ac8fc.r2.dev/%E5%A4%A7%E5%AE%89%E6%B3%95%E5%B8%88%E8%AE%B2%E6%95%85%E4%BA%8B/004-%E5%A4%A7%E5%AE%89%E6%B3%95%E5%B8%88%E6%95%85%E4%BA%8B%204%E9%9B%86%20%E6%99%BA%E8%80%85%E5%A4%A7%E5%B8%88.mp3', NULL, 4);
INSERT INTO episodes (series_id, episode_num, title, file_name, url, intro, story_number) VALUES ('daanfashi-jiangushi', 5, '报答师恩', '005-大安法师故事 5集 报答师恩.mp3', 'https://pub-7be57e30faae4f81bbd76b61006ac8fc.r2.dev/%E5%A4%A7%E5%AE%89%E6%B3%95%E5%B8%88%E8%AE%B2%E6%95%85%E4%BA%8B/005-%E5%A4%A7%E5%AE%89%E6%B3%95%E5%B8%88%E6%95%85%E4%BA%8B%205%E9%9B%86%20%E6%8A%A5%E7%AD%94%E5%B8%88%E6%81%A9.mp3', NULL, 5);
INSERT INTO episodes (series_id, episode_num, title, file_name, url, intro, story_number) VALUES ('daanfashi-jiangushi', 6, '历缘锻炼', '006-大安法师故事 6集 历缘锻炼.mp3', 'https://pub-7be57e30faae4f81bbd76b61006ac8fc.r2.dev/%E5%A4%A7%E5%AE%89%E6%B3%95%E5%B8%88%E8%AE%B2%E6%95%85%E4%BA%8B/006-%E5%A4%A7%E5%AE%89%E6%B3%95%E5%B8%88%E6%95%85%E4%BA%8B%206%E9%9B%86%20%E5%8E%86%E7%BC%98%E9%94%BB%E7%82%BC.mp3', NULL, 6);
INSERT INTO episodes (series_id, episode_num, title, file_name, url, intro, story_number) VALUES ('daanfashi-jiangushi', 7, '安世高还债', '007-大安法师故事 7集 安世高还债.mp3', 'https://pub-7be57e30faae4f81bbd76b61006ac8fc.r2.dev/%E5%A4%A7%E5%AE%89%E6%B3%95%E5%B8%88%E8%AE%B2%E6%95%85%E4%BA%8B/007-%E5%A4%A7%E5%AE%89%E6%B3%95%E5%B8%88%E6%95%85%E4%BA%8B%207%E9%9B%86%20%E5%AE%89%E4%B8%96%E9%AB%98%E8%BF%98%E5%80%BA.mp3', NULL, 7);
INSERT INTO episodes (series_id, episode_num, title, file_name, url, intro, story_number) VALUES ('daanfashi-jiangushi', 8, '阿寄的故事', '008-大安法师故事 8集 阿寄的故事.mp3', 'https://pub-7be57e30faae4f81bbd76b61006ac8fc.r2.dev/%E5%A4%A7%E5%AE%89%E6%B3%95%E5%B8%88%E8%AE%B2%E6%95%85%E4%BA%8B/008-%E5%A4%A7%E5%AE%89%E6%B3%95%E5%B8%88%E6%95%85%E4%BA%8B%208%E9%9B%86%20%E9%98%BF%E5%AF%84%E7%9A%84%E6%95%85%E4%BA%8B.mp3', NULL, 8);
INSERT INTO episodes (series_id, episode_num, title, file_name, url, intro, story_number) VALUES ('daanfashi-jiangushi', 9, '幡然醒悟', '009-大安法师故事 9集 幡然醒悟.mp3', 'https://pub-7be57e30faae4f81bbd76b61006ac8fc.r2.dev/%E5%A4%A7%E5%AE%89%E6%B3%95%E5%B8%88%E8%AE%B2%E6%95%85%E4%BA%8B/009-%E5%A4%A7%E5%AE%89%E6%B3%95%E5%B8%88%E6%95%85%E4%BA%8B%209%E9%9B%86%20%E5%B9%A1%E7%84%B6%E9%86%92%E6%82%9F.mp3', NULL, 9);
INSERT INTO episodes (series_id, episode_num, title, file_name, url, intro, story_number) VALUES ('daanfashi-jiangushi', 10, '韩愈辟佛', '010-大安法师故事 10集 韩愈辟佛.mp3', 'https://pub-7be57e30faae4f81bbd76b61006ac8fc.r2.dev/%E5%A4%A7%E5%AE%89%E6%B3%95%E5%B8%88%E8%AE%B2%E6%95%85%E4%BA%8B/010-%E5%A4%A7%E5%AE%89%E6%B3%95%E5%B8%88%E6%95%85%E4%BA%8B%2010%E9%9B%86%20%E9%9F%A9%E6%84%88%E8%BE%9F%E4%BD%9B.mp3', NULL, 10);
INSERT INTO episodes (series_id, episode_num, title, file_name, url, intro, story_number) VALUES ('daanfashi-jiangushi', 11, '印祖的故事之一佛为至善', '011-大安法师故事 11集 印祖的故事之一佛为至善.mp3', 'https://pub-7be57e30faae4f81bbd76b61006ac8fc.r2.dev/%E5%A4%A7%E5%AE%89%E6%B3%95%E5%B8%88%E8%AE%B2%E6%95%85%E4%BA%8B/011-%E5%A4%A7%E5%AE%89%E6%B3%95%E5%B8%88%E6%95%85%E4%BA%8B%2011%E9%9B%86%20%E5%8D%B0%E7%A5%96%E7%9A%84%E6%95%85%E4%BA%8B%E4%B9%8B%E4%B8%80%E4%BD%9B%E4%B8%BA%E8%87%B3%E5%96%84.mp3', NULL, 11);
INSERT INTO episodes (series_id, episode_num, title, file_name, url, intro, story_number) VALUES ('daanfashi-jiangushi', 12, '印祖的故事之二舍俗出家', '012-大安法师故事 12集 印祖的故事之二舍俗出家.mp3', 'https://pub-7be57e30faae4f81bbd76b61006ac8fc.r2.dev/%E5%A4%A7%E5%AE%89%E6%B3%95%E5%B8%88%E8%AE%B2%E6%95%85%E4%BA%8B/012-%E5%A4%A7%E5%AE%89%E6%B3%95%E5%B8%88%E6%95%85%E4%BA%8B%2012%E9%9B%86%20%E5%8D%B0%E7%A5%96%E7%9A%84%E6%95%85%E4%BA%8B%E4%B9%8B%E4%BA%8C%E8%88%8D%E4%BF%97%E5%87%BA%E5%AE%B6.mp3', NULL, 12);
INSERT INTO episodes (series_id, episode_num, title, file_name, url, intro, story_number) VALUES ('daanfashi-jiangushi', 13, '印祖的故事之三抉择净土', '013-大安法师故事 13集 印祖的故事之三抉择净土.mp3', 'https://pub-7be57e30faae4f81bbd76b61006ac8fc.r2.dev/%E5%A4%A7%E5%AE%89%E6%B3%95%E5%B8%88%E8%AE%B2%E6%95%85%E4%BA%8B/013-%E5%A4%A7%E5%AE%89%E6%B3%95%E5%B8%88%E6%95%85%E4%BA%8B%2013%E9%9B%86%20%E5%8D%B0%E7%A5%96%E7%9A%84%E6%95%85%E4%BA%8B%E4%B9%8B%E4%B8%89%E6%8A%89%E6%8B%A9%E5%87%80%E5%9C%9F.mp3', NULL, 13);
INSERT INTO episodes (series_id, episode_num, title, file_name, url, intro, story_number) VALUES ('daanfashi-jiangushi', 14, '崔婆往生', '014-大安法师故事 14集 崔婆往生.mp3', 'https://pub-7be57e30faae4f81bbd76b61006ac8fc.r2.dev/%E5%A4%A7%E5%AE%89%E6%B3%95%E5%B8%88%E8%AE%B2%E6%95%85%E4%BA%8B/014-%E5%A4%A7%E5%AE%89%E6%B3%95%E5%B8%88%E6%95%85%E4%BA%8B%2014%E9%9B%86%20%E5%B4%94%E5%A9%86%E5%BE%80%E7%94%9F.mp3', NULL, 14);
INSERT INTO episodes (series_id, episode_num, title, file_name, url, intro, story_number) VALUES ('daanfashi-jiangushi', 15, '生公说法', '015-大安法师故事 15集 生公说法.mp3', 'https://pub-7be57e30faae4f81bbd76b61006ac8fc.r2.dev/%E5%A4%A7%E5%AE%89%E6%B3%95%E5%B8%88%E8%AE%B2%E6%95%85%E4%BA%8B/015-%E5%A4%A7%E5%AE%89%E6%B3%95%E5%B8%88%E6%95%85%E4%BA%8B%2015%E9%9B%86%20%E7%94%9F%E5%85%AC%E8%AF%B4%E6%B3%95.mp3', NULL, 15);
INSERT INTO episodes (series_id, episode_num, title, file_name, url, intro, story_number) VALUES ('daanfashi-jiangushi', 16, '如何修福德', '016-大安法师故事 16集 如何修福德.mp3', 'https://pub-7be57e30faae4f81bbd76b61006ac8fc.r2.dev/%E5%A4%A7%E5%AE%89%E6%B3%95%E5%B8%88%E8%AE%B2%E6%95%85%E4%BA%8B/016-%E5%A4%A7%E5%AE%89%E6%B3%95%E5%B8%88%E6%95%85%E4%BA%8B%2016%E9%9B%86%20%E5%A6%82%E4%BD%95%E4%BF%AE%E7%A6%8F%E5%BE%B7.mp3', NULL, 16);
INSERT INTO episodes (series_id, episode_num, title, file_name, url, intro, story_number) VALUES ('daanfashi-jiangushi', 17, '僧格崇高', '017-大安法师故事 17集 僧格崇高.mp3', 'https://pub-7be57e30faae4f81bbd76b61006ac8fc.r2.dev/%E5%A4%A7%E5%AE%89%E6%B3%95%E5%B8%88%E8%AE%B2%E6%95%85%E4%BA%8B/017-%E5%A4%A7%E5%AE%89%E6%B3%95%E5%B8%88%E6%95%85%E4%BA%8B%2017%E9%9B%86%20%E5%83%A7%E6%A0%BC%E5%B4%87%E9%AB%98.mp3', NULL, 17);
INSERT INTO episodes (series_id, episode_num, title, file_name, url, intro, story_number) VALUES ('daanfashi-jiangushi', 18, '王痴头念佛', '018-大安法师故事 18集 王痴头念佛.mp3', 'https://pub-7be57e30faae4f81bbd76b61006ac8fc.r2.dev/%E5%A4%A7%E5%AE%89%E6%B3%95%E5%B8%88%E8%AE%B2%E6%95%85%E4%BA%8B/018-%E5%A4%A7%E5%AE%89%E6%B3%95%E5%B8%88%E6%95%85%E4%BA%8B%2018%E9%9B%86%20%E7%8E%8B%E7%97%B4%E5%A4%B4%E5%BF%B5%E4%BD%9B.mp3', NULL, 18);
INSERT INTO episodes (series_id, episode_num, title, file_name, url, intro, story_number) VALUES ('daanfashi-jiangushi', 19, '严首座转世', '019-大安法师故事 19集 严首座转世.mp3', 'https://pub-7be57e30faae4f81bbd76b61006ac8fc.r2.dev/%E5%A4%A7%E5%AE%89%E6%B3%95%E5%B8%88%E8%AE%B2%E6%95%85%E4%BA%8B/019-%E5%A4%A7%E5%AE%89%E6%B3%95%E5%B8%88%E6%95%85%E4%BA%8B%2019%E9%9B%86%20%E4%B8%A5%E9%A6%96%E5%BA%A7%E8%BD%AC%E4%B8%96.mp3', NULL, 19);
INSERT INTO episodes (series_id, episode_num, title, file_name, url, intro, story_number) VALUES ('daanfashi-jiangushi', 20, '无闻聪禅师', '020-大安法师故事 20集 无闻聪禅师.mp3', 'https://pub-7be57e30faae4f81bbd76b61006ac8fc.r2.dev/%E5%A4%A7%E5%AE%89%E6%B3%95%E5%B8%88%E8%AE%B2%E6%95%85%E4%BA%8B/020-%E5%A4%A7%E5%AE%89%E6%B3%95%E5%B8%88%E6%95%85%E4%BA%8B%2020%E9%9B%86%20%E6%97%A0%E9%97%BB%E8%81%AA%E7%A6%85%E5%B8%88.mp3', NULL, 20);
INSERT INTO episodes (series_id, episode_num, title, file_name, url, intro, story_number) VALUES ('daanfashi-jiangushi', 21, '古佛再来', '021-大安法师故事 21集 古佛再来.mp3', 'https://pub-7be57e30faae4f81bbd76b61006ac8fc.r2.dev/%E5%A4%A7%E5%AE%89%E6%B3%95%E5%B8%88%E8%AE%B2%E6%95%85%E4%BA%8B/021-%E5%A4%A7%E5%AE%89%E6%B3%95%E5%B8%88%E6%95%85%E4%BA%8B%2021%E9%9B%86%20%E5%8F%A4%E4%BD%9B%E5%86%8D%E6%9D%A5.mp3', NULL, 21);
INSERT INTO episodes (series_id, episode_num, title, file_name, url, intro, story_number) VALUES ('daanfashi-jiangushi', 22, '观音圣号', '022-大安法师故事 22集 观音圣号.mp3', 'https://pub-7be57e30faae4f81bbd76b61006ac8fc.r2.dev/%E5%A4%A7%E5%AE%89%E6%B3%95%E5%B8%88%E8%AE%B2%E6%95%85%E4%BA%8B/022-%E5%A4%A7%E5%AE%89%E6%B3%95%E5%B8%88%E6%95%85%E4%BA%8B%2022%E9%9B%86%20%E8%A7%82%E9%9F%B3%E5%9C%A3%E5%8F%B7.mp3', NULL, 22);
INSERT INTO episodes (series_id, episode_num, title, file_name, url, intro, story_number) VALUES ('daanfashi-jiangushi', 23, '二王发愿', '023-大安法师故事 23集 二王发愿.mp3', 'https://pub-7be57e30faae4f81bbd76b61006ac8fc.r2.dev/%E5%A4%A7%E5%AE%89%E6%B3%95%E5%B8%88%E8%AE%B2%E6%95%85%E4%BA%8B/023-%E5%A4%A7%E5%AE%89%E6%B3%95%E5%B8%88%E6%95%85%E4%BA%8B%2023%E9%9B%86%20%E4%BA%8C%E7%8E%8B%E5%8F%91%E6%84%BF.mp3', NULL, 23);
INSERT INTO episodes (series_id, episode_num, title, file_name, url, intro, story_number) VALUES ('daanfashi-jiangushi', 24, '婆罗门女念佛', '024-大安法师故事 24集 婆罗门女念佛.mp3', 'https://pub-7be57e30faae4f81bbd76b61006ac8fc.r2.dev/%E5%A4%A7%E5%AE%89%E6%B3%95%E5%B8%88%E8%AE%B2%E6%95%85%E4%BA%8B/024-%E5%A4%A7%E5%AE%89%E6%B3%95%E5%B8%88%E6%95%85%E4%BA%8B%2024%E9%9B%86%20%E5%A9%86%E7%BD%97%E9%97%A8%E5%A5%B3%E5%BF%B5%E4%BD%9B.mp3', NULL, 24);
INSERT INTO episodes (series_id, episode_num, title, file_name, url, intro, story_number) VALUES ('daanfashi-jiangushi', 25, '掏鸟窝的果报', '025-大安法师故事 25集 掏鸟窝的果报.mp3', 'https://pub-7be57e30faae4f81bbd76b61006ac8fc.r2.dev/%E5%A4%A7%E5%AE%89%E6%B3%95%E5%B8%88%E8%AE%B2%E6%95%85%E4%BA%8B/025-%E5%A4%A7%E5%AE%89%E6%B3%95%E5%B8%88%E6%95%85%E4%BA%8B%2025%E9%9B%86%20%E6%8E%8F%E9%B8%9F%E7%AA%9D%E7%9A%84%E6%9E%9C%E6%8A%A5.mp3', NULL, 25);
INSERT INTO episodes (series_id, episode_num, title, file_name, url, intro, story_number) VALUES ('daanfashi-jiangushi', 26, '宫廷政变', '026-大安法师故事 26集 宫廷政变.mp3', 'https://pub-7be57e30faae4f81bbd76b61006ac8fc.r2.dev/%E5%A4%A7%E5%AE%89%E6%B3%95%E5%B8%88%E8%AE%B2%E6%95%85%E4%BA%8B/026-%E5%A4%A7%E5%AE%89%E6%B3%95%E5%B8%88%E6%95%85%E4%BA%8B%2026%E9%9B%86%20%E5%AE%AB%E5%BB%B7%E6%94%BF%E5%8F%98.mp3', NULL, 26);
INSERT INTO episodes (series_id, episode_num, title, file_name, url, intro, story_number) VALUES ('daanfashi-jiangushi', 27, '保安的经历', '027-大安法师故事 27集 保安的经历.mp3', 'https://pub-7be57e30faae4f81bbd76b61006ac8fc.r2.dev/%E5%A4%A7%E5%AE%89%E6%B3%95%E5%B8%88%E8%AE%B2%E6%95%85%E4%BA%8B/027-%E5%A4%A7%E5%AE%89%E6%B3%95%E5%B8%88%E6%95%85%E4%BA%8B%2027%E9%9B%86%20%E4%BF%9D%E5%AE%89%E7%9A%84%E7%BB%8F%E5%8E%86.mp3', NULL, 27);
INSERT INTO episodes (series_id, episode_num, title, file_name, url, intro, story_number) VALUES ('daanfashi-jiangushi', 28, '东林寺兴衰', '028-大安法师故事 28集 东林寺兴衰.mp3', 'https://pub-7be57e30faae4f81bbd76b61006ac8fc.r2.dev/%E5%A4%A7%E5%AE%89%E6%B3%95%E5%B8%88%E8%AE%B2%E6%95%85%E4%BA%8B/028-%E5%A4%A7%E5%AE%89%E6%B3%95%E5%B8%88%E6%95%85%E4%BA%8B%2028%E9%9B%86%20%E4%B8%9C%E6%9E%97%E5%AF%BA%E5%85%B4%E8%A1%B0.mp3', NULL, 28);
INSERT INTO episodes (series_id, episode_num, title, file_name, url, intro, story_number) VALUES ('daanfashi-jiangushi', 29, '发心与种性', '029-大安法师故事 29集 发心与种性.mp3', 'https://pub-7be57e30faae4f81bbd76b61006ac8fc.r2.dev/%E5%A4%A7%E5%AE%89%E6%B3%95%E5%B8%88%E8%AE%B2%E6%95%85%E4%BA%8B/029-%E5%A4%A7%E5%AE%89%E6%B3%95%E5%B8%88%E6%95%85%E4%BA%8B%2029%E9%9B%86%20%E5%8F%91%E5%BF%83%E4%B8%8E%E7%A7%8D%E6%80%A7.mp3', NULL, 29);
INSERT INTO episodes (series_id, episode_num, title, file_name, url, intro, story_number) VALUES ('daanfashi-jiangushi', 30, '密在汝边', '030-大安法师故事 30集 密在汝边.mp3', 'https://pub-7be57e30faae4f81bbd76b61006ac8fc.r2.dev/%E5%A4%A7%E5%AE%89%E6%B3%95%E5%B8%88%E8%AE%B2%E6%95%85%E4%BA%8B/030-%E5%A4%A7%E5%AE%89%E6%B3%95%E5%B8%88%E6%95%85%E4%BA%8B%2030%E9%9B%86%20%E5%AF%86%E5%9C%A8%E6%B1%9D%E8%BE%B9.mp3', NULL, 30);
INSERT INTO episodes (series_id, episode_num, title, file_name, url, intro, story_number) VALUES ('daanfashi-jiangushi', 31, '乃翁之痛', '031-大安法师故事 31集 乃翁之痛.mp3', 'https://pub-7be57e30faae4f81bbd76b61006ac8fc.r2.dev/%E5%A4%A7%E5%AE%89%E6%B3%95%E5%B8%88%E8%AE%B2%E6%95%85%E4%BA%8B/031-%E5%A4%A7%E5%AE%89%E6%B3%95%E5%B8%88%E6%95%85%E4%BA%8B%2031%E9%9B%86%20%E4%B9%83%E7%BF%81%E4%B9%8B%E7%97%9B.mp3', NULL, 31);
INSERT INTO episodes (series_id, episode_num, title, file_name, url, intro, story_number) VALUES ('daanfashi-jiangushi', 32, '吾母之悲', '032-大安法师故事 32集 吾母之悲.mp3', 'https://pub-7be57e30faae4f81bbd76b61006ac8fc.r2.dev/%E5%A4%A7%E5%AE%89%E6%B3%95%E5%B8%88%E8%AE%B2%E6%95%85%E4%BA%8B/032-%E5%A4%A7%E5%AE%89%E6%B3%95%E5%B8%88%E6%95%85%E4%BA%8B%2032%E9%9B%86%20%E5%90%BE%E6%AF%8D%E4%B9%8B%E6%82%B2.mp3', NULL, 32);
INSERT INTO episodes (series_id, episode_num, title, file_name, url, intro, story_number) VALUES ('daanfashi-jiangushi', 33, '驴身偿债', '033-大安法师故事 33集 驴身偿债_MP3.mp3', 'https://pub-7be57e30faae4f81bbd76b61006ac8fc.r2.dev/%E5%A4%A7%E5%AE%89%E6%B3%95%E5%B8%88%E8%AE%B2%E6%95%85%E4%BA%8B/033-%E5%A4%A7%E5%AE%89%E6%B3%95%E5%B8%88%E6%95%85%E4%BA%8B%2033%E9%9B%86%20%E9%A9%B4%E8%BA%AB%E5%81%BF%E5%80%BA_MP3.mp3', NULL, 33);
INSERT INTO episodes (series_id, episode_num, title, file_name, url, intro, story_number) VALUES ('daanfashi-jiangushi', 34, '文王食子', '034-大安法师故事 34集 文王食子_MP3.mp3', 'https://pub-7be57e30faae4f81bbd76b61006ac8fc.r2.dev/%E5%A4%A7%E5%AE%89%E6%B3%95%E5%B8%88%E8%AE%B2%E6%95%85%E4%BA%8B/034-%E5%A4%A7%E5%AE%89%E6%B3%95%E5%B8%88%E6%95%85%E4%BA%8B%2034%E9%9B%86%20%E6%96%87%E7%8E%8B%E9%A3%9F%E5%AD%90_MP3.mp3', NULL, 34);
INSERT INTO episodes (series_id, episode_num, title, file_name, url, intro, story_number) VALUES ('daanfashi-jiangushi', 35, '丰干饶舌', '035-大安法师故事 35集 丰干饶舌_MP3.mp3', 'https://pub-7be57e30faae4f81bbd76b61006ac8fc.r2.dev/%E5%A4%A7%E5%AE%89%E6%B3%95%E5%B8%88%E8%AE%B2%E6%95%85%E4%BA%8B/035-%E5%A4%A7%E5%AE%89%E6%B3%95%E5%B8%88%E6%95%85%E4%BA%8B%2035%E9%9B%86%20%E4%B8%B0%E5%B9%B2%E9%A5%B6%E8%88%8C_MP3.mp3', NULL, 35);
INSERT INTO episodes (series_id, episode_num, title, file_name, url, intro, story_number) VALUES ('daanfashi-jiangushi', 36, '穷子喻', '036-大安法师故事 36集 穷子喻_MP3.mp3', 'https://pub-7be57e30faae4f81bbd76b61006ac8fc.r2.dev/%E5%A4%A7%E5%AE%89%E6%B3%95%E5%B8%88%E8%AE%B2%E6%95%85%E4%BA%8B/036-%E5%A4%A7%E5%AE%89%E6%B3%95%E5%B8%88%E6%95%85%E4%BA%8B%2036%E9%9B%86%20%E7%A9%B7%E5%AD%90%E5%96%BB_MP3.mp3', NULL, 36);
INSERT INTO episodes (series_id, episode_num, title, file_name, url, intro, story_number) VALUES ('daanfashi-jiangushi', 37, '鹿王之善心', '037-大安法师故事 37集 鹿王之善心_MP3.mp3', 'https://pub-7be57e30faae4f81bbd76b61006ac8fc.r2.dev/%E5%A4%A7%E5%AE%89%E6%B3%95%E5%B8%88%E8%AE%B2%E6%95%85%E4%BA%8B/037-%E5%A4%A7%E5%AE%89%E6%B3%95%E5%B8%88%E6%95%85%E4%BA%8B%2037%E9%9B%86%20%E9%B9%BF%E7%8E%8B%E4%B9%8B%E5%96%84%E5%BF%83_MP3.mp3', NULL, 37);
INSERT INTO episodes (series_id, episode_num, title, file_name, url, intro, story_number) VALUES ('daanfashi-jiangushi', 38, '鬼有三技', '038-大安法师故事 38集 鬼有三技_MP3.mp3', 'https://pub-7be57e30faae4f81bbd76b61006ac8fc.r2.dev/%E5%A4%A7%E5%AE%89%E6%B3%95%E5%B8%88%E8%AE%B2%E6%95%85%E4%BA%8B/038-%E5%A4%A7%E5%AE%89%E6%B3%95%E5%B8%88%E6%95%85%E4%BA%8B%2038%E9%9B%86%20%E9%AC%BC%E6%9C%89%E4%B8%89%E6%8A%80_MP3.mp3', NULL, 38);
INSERT INTO episodes (series_id, episode_num, title, file_name, url, intro, story_number) VALUES ('daanfashi-jiangushi', 39, '菩萨应化', '039-大安法师故事 39集 菩萨应化_MP3.mp3', 'https://pub-7be57e30faae4f81bbd76b61006ac8fc.r2.dev/%E5%A4%A7%E5%AE%89%E6%B3%95%E5%B8%88%E8%AE%B2%E6%95%85%E4%BA%8B/039-%E5%A4%A7%E5%AE%89%E6%B3%95%E5%B8%88%E6%95%85%E4%BA%8B%2039%E9%9B%86%20%E8%8F%A9%E8%90%A8%E5%BA%94%E5%8C%96_MP3.mp3', NULL, 39);
INSERT INTO episodes (series_id, episode_num, title, file_name, url, intro, story_number) VALUES ('daanfashi-jiangushi', 40, '波阇罗女的故事', '040-大安法师故事 40集 波阇罗女的故事_MP3.mp3', 'https://pub-7be57e30faae4f81bbd76b61006ac8fc.r2.dev/%E5%A4%A7%E5%AE%89%E6%B3%95%E5%B8%88%E8%AE%B2%E6%95%85%E4%BA%8B/040-%E5%A4%A7%E5%AE%89%E6%B3%95%E5%B8%88%E6%95%85%E4%BA%8B%2040%E9%9B%86%20%E6%B3%A2%E9%98%87%E7%BD%97%E5%A5%B3%E7%9A%84%E6%95%85%E4%BA%8B_MP3.mp3', NULL, 40);
INSERT INTO episodes (series_id, episode_num, title, file_name, url, intro, story_number) VALUES ('daanfashi-jiangushi', 41, '齐桓公的悲剧', '041-大安法师故事 41集 齐桓公的悲剧_MP3.mp3', 'https://pub-7be57e30faae4f81bbd76b61006ac8fc.r2.dev/%E5%A4%A7%E5%AE%89%E6%B3%95%E5%B8%88%E8%AE%B2%E6%95%85%E4%BA%8B/041-%E5%A4%A7%E5%AE%89%E6%B3%95%E5%B8%88%E6%95%85%E4%BA%8B%2041%E9%9B%86%20%E9%BD%90%E6%A1%93%E5%85%AC%E7%9A%84%E6%82%B2%E5%89%A7_MP3.mp3', NULL, 41);
INSERT INTO episodes (series_id, episode_num, title, file_name, url, intro, story_number) VALUES ('daanfashi-jiangushi', 42, '花季在极乐绽放', '042-大安法师故事 42集 花季在极乐绽放_MP3.mp3', 'https://pub-7be57e30faae4f81bbd76b61006ac8fc.r2.dev/%E5%A4%A7%E5%AE%89%E6%B3%95%E5%B8%88%E8%AE%B2%E6%95%85%E4%BA%8B/042-%E5%A4%A7%E5%AE%89%E6%B3%95%E5%B8%88%E6%95%85%E4%BA%8B%2042%E9%9B%86%20%E8%8A%B1%E5%AD%A3%E5%9C%A8%E6%9E%81%E4%B9%90%E7%BB%BD%E6%94%BE_MP3.mp3', NULL, 42);
INSERT INTO episodes (series_id, episode_num, title, file_name, url, intro, story_number) VALUES ('daanfashi-jiangushi', 43, '阿私陀仙人看相', '043-大安法师故事 43集 阿私陀仙人看相.mp3', 'https://pub-7be57e30faae4f81bbd76b61006ac8fc.r2.dev/%E5%A4%A7%E5%AE%89%E6%B3%95%E5%B8%88%E8%AE%B2%E6%95%85%E4%BA%8B/043-%E5%A4%A7%E5%AE%89%E6%B3%95%E5%B8%88%E6%95%85%E4%BA%8B%2043%E9%9B%86%20%E9%98%BF%E7%A7%81%E9%99%80%E4%BB%99%E4%BA%BA%E7%9C%8B%E7%9B%B8.mp3', NULL, 43);
INSERT INTO episodes (series_id, episode_num, title, file_name, url, intro, story_number) VALUES ('daanfashi-jiangushi', 44, '萨陀波仑的供养', '044-大安法师故事 44集 萨陀波仑的供养.mp3', 'https://pub-7be57e30faae4f81bbd76b61006ac8fc.r2.dev/%E5%A4%A7%E5%AE%89%E6%B3%95%E5%B8%88%E8%AE%B2%E6%95%85%E4%BA%8B/044-%E5%A4%A7%E5%AE%89%E6%B3%95%E5%B8%88%E6%95%85%E4%BA%8B%2044%E9%9B%86%20%E8%90%A8%E9%99%80%E6%B3%A2%E4%BB%91%E7%9A%84%E4%BE%9B%E5%85%BB.mp3', NULL, 44);
INSERT INTO episodes (series_id, episode_num, title, file_name, url, intro, story_number) VALUES ('daanfashi-jiangushi', 45, '菩提树的故事', '045-大安法师故事 45集 菩提树的故事.mp3', 'https://pub-7be57e30faae4f81bbd76b61006ac8fc.r2.dev/%E5%A4%A7%E5%AE%89%E6%B3%95%E5%B8%88%E8%AE%B2%E6%95%85%E4%BA%8B/045-%E5%A4%A7%E5%AE%89%E6%B3%95%E5%B8%88%E6%95%85%E4%BA%8B%2045%E9%9B%86%20%E8%8F%A9%E6%8F%90%E6%A0%91%E7%9A%84%E6%95%85%E4%BA%8B.mp3', NULL, 45);
INSERT INTO episodes (series_id, episode_num, title, file_name, url, intro, story_number) VALUES ('daanfashi-jiangushi', 46, '善辩的提婆', '046-大安法师故事 46集 善辩的提婆.mp3', 'https://pub-7be57e30faae4f81bbd76b61006ac8fc.r2.dev/%E5%A4%A7%E5%AE%89%E6%B3%95%E5%B8%88%E8%AE%B2%E6%95%85%E4%BA%8B/046-%E5%A4%A7%E5%AE%89%E6%B3%95%E5%B8%88%E6%95%85%E4%BA%8B%2046%E9%9B%86%20%E5%96%84%E8%BE%A9%E7%9A%84%E6%8F%90%E5%A9%86.mp3', NULL, 46);
INSERT INTO episodes (series_id, episode_num, title, file_name, url, intro, story_number) VALUES ('daanfashi-jiangushi', 47, '胁尊者与马鸣菩萨', '048-大安法师故事 48集 胁尊者与马鸣菩萨.mp3', 'https://pub-7be57e30faae4f81bbd76b61006ac8fc.r2.dev/%E5%A4%A7%E5%AE%89%E6%B3%95%E5%B8%88%E8%AE%B2%E6%95%85%E4%BA%8B/048-%E5%A4%A7%E5%AE%89%E6%B3%95%E5%B8%88%E6%95%85%E4%BA%8B%2048%E9%9B%86%20%E8%83%81%E5%B0%8A%E8%80%85%E4%B8%8E%E9%A9%AC%E9%B8%A3%E8%8F%A9%E8%90%A8.mp3', NULL, 48);
INSERT INTO episodes (series_id, episode_num, title, file_name, url, intro, story_number) VALUES ('daanfashi-jiangushi', 48, '念佛放光祛鬼', '049-大安法师故事 49集 念佛放光祛鬼.mp3', 'https://pub-7be57e30faae4f81bbd76b61006ac8fc.r2.dev/%E5%A4%A7%E5%AE%89%E6%B3%95%E5%B8%88%E8%AE%B2%E6%95%85%E4%BA%8B/049-%E5%A4%A7%E5%AE%89%E6%B3%95%E5%B8%88%E6%95%85%E4%BA%8B%2049%E9%9B%86%20%E5%BF%B5%E4%BD%9B%E6%94%BE%E5%85%89%E7%A5%9B%E9%AC%BC.mp3', NULL, 49);
INSERT INTO episodes (series_id, episode_num, title, file_name, url, intro, story_number) VALUES ('daanfashi-jiangushi', 49, '现身转女成男', '050-大安法师故事 50集 现身转女成男.mp3', 'https://pub-7be57e30faae4f81bbd76b61006ac8fc.r2.dev/%E5%A4%A7%E5%AE%89%E6%B3%95%E5%B8%88%E8%AE%B2%E6%95%85%E4%BA%8B/050-%E5%A4%A7%E5%AE%89%E6%B3%95%E5%B8%88%E6%95%85%E4%BA%8B%2050%E9%9B%86%20%E7%8E%B0%E8%BA%AB%E8%BD%AC%E5%A5%B3%E6%88%90%E7%94%B7.mp3', NULL, 50);
INSERT INTO episodes (series_id, episode_num, title, file_name, url, intro, story_number) VALUES ('daanfashi-jiangushi', 50, '独角仙人', '051-大安法师故事 51集 独角仙人.mp3', 'https://pub-7be57e30faae4f81bbd76b61006ac8fc.r2.dev/%E5%A4%A7%E5%AE%89%E6%B3%95%E5%B8%88%E8%AE%B2%E6%95%85%E4%BA%8B/051-%E5%A4%A7%E5%AE%89%E6%B3%95%E5%B8%88%E6%95%85%E4%BA%8B%2051%E9%9B%86%20%E7%8B%AC%E8%A7%92%E4%BB%99%E4%BA%BA.mp3', NULL, 51);
INSERT INTO episodes (series_id, episode_num, title, file_name, url, intro, story_number) VALUES ('daanfashi-jiangushi', 51, '龙裤国师', '052-大安法师故事 52集 龙裤国师.mp3', 'https://pub-7be57e30faae4f81bbd76b61006ac8fc.r2.dev/%E5%A4%A7%E5%AE%89%E6%B3%95%E5%B8%88%E8%AE%B2%E6%95%85%E4%BA%8B/052-%E5%A4%A7%E5%AE%89%E6%B3%95%E5%B8%88%E6%95%85%E4%BA%8B%2052%E9%9B%86%20%E9%BE%99%E8%A3%A4%E5%9B%BD%E5%B8%88.mp3', NULL, 52);
INSERT INTO episodes (series_id, episode_num, title, file_name, url, intro, story_number) VALUES ('daanfashi-jiangushi', 52, '内蒙居士的感应', '053-大安法师故事 53集 内蒙居士的感应.mp3', 'https://pub-7be57e30faae4f81bbd76b61006ac8fc.r2.dev/%E5%A4%A7%E5%AE%89%E6%B3%95%E5%B8%88%E8%AE%B2%E6%95%85%E4%BA%8B/053-%E5%A4%A7%E5%AE%89%E6%B3%95%E5%B8%88%E6%95%85%E4%BA%8B%2053%E9%9B%86%20%E5%86%85%E8%92%99%E5%B1%85%E5%A3%AB%E7%9A%84%E6%84%9F%E5%BA%94.mp3', NULL, 53);
INSERT INTO episodes (series_id, episode_num, title, file_name, url, intro, story_number) VALUES ('daanfashi-jiangushi', 53, '三圣指归净土', '055-大安法师故事 55集 三圣指归净土.mp3', 'https://pub-7be57e30faae4f81bbd76b61006ac8fc.r2.dev/%E5%A4%A7%E5%AE%89%E6%B3%95%E5%B8%88%E8%AE%B2%E6%95%85%E4%BA%8B/055-%E5%A4%A7%E5%AE%89%E6%B3%95%E5%B8%88%E6%95%85%E4%BA%8B%2055%E9%9B%86%20%E4%B8%89%E5%9C%A3%E6%8C%87%E5%BD%92%E5%87%80%E5%9C%9F.mp3', NULL, 55);
INSERT INTO episodes (series_id, episode_num, title, file_name, url, intro, story_number) VALUES ('daanfashi-jiangushi', 54, '杨杰与王仲回的念佛公案', '056-大安法师故事 56集 杨杰与王仲回的念佛公案.mp3', 'https://pub-7be57e30faae4f81bbd76b61006ac8fc.r2.dev/%E5%A4%A7%E5%AE%89%E6%B3%95%E5%B8%88%E8%AE%B2%E6%95%85%E4%BA%8B/056-%E5%A4%A7%E5%AE%89%E6%B3%95%E5%B8%88%E6%95%85%E4%BA%8B%2056%E9%9B%86%20%E6%9D%A8%E6%9D%B0%E4%B8%8E%E7%8E%8B%E4%BB%B2%E5%9B%9E%E7%9A%84%E5%BF%B5%E4%BD%9B%E5%85%AC%E6%A1%88.mp3', NULL, 56);
INSERT INTO episodes (series_id, episode_num, title, file_name, url, intro, story_number) VALUES ('daanfashi-jiangushi', 55, '念佛消灾', '057-大安法师故事 57集 念佛消灾.mp3', 'https://pub-7be57e30faae4f81bbd76b61006ac8fc.r2.dev/%E5%A4%A7%E5%AE%89%E6%B3%95%E5%B8%88%E8%AE%B2%E6%95%85%E4%BA%8B/057-%E5%A4%A7%E5%AE%89%E6%B3%95%E5%B8%88%E6%95%85%E4%BA%8B%2057%E9%9B%86%20%E5%BF%B5%E4%BD%9B%E6%B6%88%E7%81%BE.mp3', NULL, 57);
INSERT INTO episodes (series_id, episode_num, title, file_name, url, intro, story_number) VALUES ('daanfashi-jiangushi', 56, '直面死亡远离恐惧', '058-大安法师故事 58集 直面死亡远离恐惧.mp3', 'https://pub-7be57e30faae4f81bbd76b61006ac8fc.r2.dev/%E5%A4%A7%E5%AE%89%E6%B3%95%E5%B8%88%E8%AE%B2%E6%95%85%E4%BA%8B/058-%E5%A4%A7%E5%AE%89%E6%B3%95%E5%B8%88%E6%95%85%E4%BA%8B%2058%E9%9B%86%20%E7%9B%B4%E9%9D%A2%E6%AD%BB%E4%BA%A1%E8%BF%9C%E7%A6%BB%E6%81%90%E6%83%A7.mp3', NULL, 58);
INSERT INTO episodes (series_id, episode_num, title, file_name, url, intro, story_number) VALUES ('daanfashi-jiangushi', 57, '萤光增结', '059-大安法师故事 59集 萤光增结.mp3', 'https://pub-7be57e30faae4f81bbd76b61006ac8fc.r2.dev/%E5%A4%A7%E5%AE%89%E6%B3%95%E5%B8%88%E8%AE%B2%E6%95%85%E4%BA%8B/059-%E5%A4%A7%E5%AE%89%E6%B3%95%E5%B8%88%E6%95%85%E4%BA%8B%2059%E9%9B%86%20%E8%90%A4%E5%85%89%E5%A2%9E%E7%BB%93.mp3', NULL, 59);
INSERT INTO episodes (series_id, episode_num, title, file_name, url, intro, story_number) VALUES ('daanfashi-jiangushi', 58, '泽图辟怪 宝镜遁妖', '060-大安法师故事 60集 泽图辟怪 宝镜遁妖.mp3', 'https://pub-7be57e30faae4f81bbd76b61006ac8fc.r2.dev/%E5%A4%A7%E5%AE%89%E6%B3%95%E5%B8%88%E8%AE%B2%E6%95%85%E4%BA%8B/060-%E5%A4%A7%E5%AE%89%E6%B3%95%E5%B8%88%E6%95%85%E4%BA%8B%2060%E9%9B%86%20%E6%B3%BD%E5%9B%BE%E8%BE%9F%E6%80%AA%20%E5%AE%9D%E9%95%9C%E9%81%81%E5%A6%96.mp3', NULL, 60);
INSERT INTO episodes (series_id, episode_num, title, file_name, url, intro, story_number) VALUES ('daanfashi-jiangushi', 59, '山神运木建殿', '061-大安法师故事 61集 山神运木建殿.mp3', 'https://pub-7be57e30faae4f81bbd76b61006ac8fc.r2.dev/%E5%A4%A7%E5%AE%89%E6%B3%95%E5%B8%88%E8%AE%B2%E6%95%85%E4%BA%8B/061-%E5%A4%A7%E5%AE%89%E6%B3%95%E5%B8%88%E6%95%85%E4%BA%8B%2061%E9%9B%86%20%E5%B1%B1%E7%A5%9E%E8%BF%90%E6%9C%A8%E5%BB%BA%E6%AE%BF.mp3', NULL, 61);
INSERT INTO episodes (series_id, episode_num, title, file_name, url, intro, story_number) VALUES ('daanfashi-jiangushi', 60, '三十年迹不入俗', '062-慧远大师的故事 62集 三十年迹不入俗.mp3', 'https://pub-7be57e30faae4f81bbd76b61006ac8fc.r2.dev/%E5%A4%A7%E5%AE%89%E6%B3%95%E5%B8%88%E8%AE%B2%E6%95%85%E4%BA%8B/062-%E6%85%A7%E8%BF%9C%E5%A4%A7%E5%B8%88%E7%9A%84%E6%95%85%E4%BA%8B%2062%E9%9B%86%20%E4%B8%89%E5%8D%81%E5%B9%B4%E8%BF%B9%E4%B8%8D%E5%85%A5%E4%BF%97.mp3', NULL, 62);
INSERT INTO episodes (series_id, episode_num, title, file_name, url, intro, story_number) VALUES ('daanfashi-jiangushi', 61, '图绘佛影', '063-慧远大师的故事 63集 图绘佛影.mp3', 'https://pub-7be57e30faae4f81bbd76b61006ac8fc.r2.dev/%E5%A4%A7%E5%AE%89%E6%B3%95%E5%B8%88%E8%AE%B2%E6%95%85%E4%BA%8B/063-%E6%85%A7%E8%BF%9C%E5%A4%A7%E5%B8%88%E7%9A%84%E6%95%85%E4%BA%8B%2063%E9%9B%86%20%E5%9B%BE%E7%BB%98%E4%BD%9B%E5%BD%B1.mp3', NULL, 63);
INSERT INTO episodes (series_id, episode_num, title, file_name, url, intro, story_number) VALUES ('daanfashi-jiangushi', 62, '舍俗出家', '064-莲池大师的故事 67集 舍俗出家.mp3', 'https://pub-7be57e30faae4f81bbd76b61006ac8fc.r2.dev/%E5%A4%A7%E5%AE%89%E6%B3%95%E5%B8%88%E8%AE%B2%E6%95%85%E4%BA%8B/064-%E8%8E%B2%E6%B1%A0%E5%A4%A7%E5%B8%88%E7%9A%84%E6%95%85%E4%BA%8B%2067%E9%9B%86%20%E8%88%8D%E4%BF%97%E5%87%BA%E5%AE%B6.mp3', NULL, 64);
INSERT INTO episodes (series_id, episode_num, title, file_name, url, intro, story_number) VALUES ('daanfashi-jiangushi', 63, '开悟偈', '065-莲池大师的故事 68集 开悟偈.mp3', 'https://pub-7be57e30faae4f81bbd76b61006ac8fc.r2.dev/%E5%A4%A7%E5%AE%89%E6%B3%95%E5%B8%88%E8%AE%B2%E6%95%85%E4%BA%8B/065-%E8%8E%B2%E6%B1%A0%E5%A4%A7%E5%B8%88%E7%9A%84%E6%95%85%E4%BA%8B%2068%E9%9B%86%20%E5%BC%80%E6%82%9F%E5%81%88.mp3', NULL, 65);
INSERT INTO episodes (series_id, episode_num, title, file_name, url, intro, story_number) VALUES ('daanfashi-jiangushi', 64, '念佛祈雨', '066-莲池大师的故事 69集 念佛祈雨.mp3', 'https://pub-7be57e30faae4f81bbd76b61006ac8fc.r2.dev/%E5%A4%A7%E5%AE%89%E6%B3%95%E5%B8%88%E8%AE%B2%E6%95%85%E4%BA%8B/066-%E8%8E%B2%E6%B1%A0%E5%A4%A7%E5%B8%88%E7%9A%84%E6%95%85%E4%BA%8B%2069%E9%9B%86%20%E5%BF%B5%E4%BD%9B%E7%A5%88%E9%9B%A8.mp3', NULL, 66);
INSERT INTO episodes (series_id, episode_num, title, file_name, url, intro, story_number) VALUES ('daanfashi-jiangushi', 65, '念佛口出光明', '067-善导大师的故事 64集 念佛口出光明.mp3', 'https://pub-7be57e30faae4f81bbd76b61006ac8fc.r2.dev/%E5%A4%A7%E5%AE%89%E6%B3%95%E5%B8%88%E8%AE%B2%E6%95%85%E4%BA%8B/067-%E5%96%84%E5%AF%BC%E5%A4%A7%E5%B8%88%E7%9A%84%E6%95%85%E4%BA%8B%2064%E9%9B%86%20%E5%BF%B5%E4%BD%9B%E5%8F%A3%E5%87%BA%E5%85%89%E6%98%8E.mp3', NULL, 67);
INSERT INTO episodes (series_id, episode_num, title, file_name, url, intro, story_number) VALUES ('daanfashi-jiangushi', 66, '传承初祖精神血脉', '068-善导大师的故事 65集 传承初祖精神血脉.mp3', 'https://pub-7be57e30faae4f81bbd76b61006ac8fc.r2.dev/%E5%A4%A7%E5%AE%89%E6%B3%95%E5%B8%88%E8%AE%B2%E6%95%85%E4%BA%8B/068-%E5%96%84%E5%AF%BC%E5%A4%A7%E5%B8%88%E7%9A%84%E6%95%85%E4%BA%8B%2065%E9%9B%86%20%E4%BC%A0%E6%89%BF%E5%88%9D%E7%A5%96%E7%B2%BE%E7%A5%9E%E8%A1%80%E8%84%89.mp3', NULL, 68);
INSERT INTO episodes (series_id, episode_num, title, file_name, url, intro, story_number) VALUES ('daanfashi-jiangushi', 67, '梵僧指授玄义', '069-善导大师的故事 66集 梵僧指授玄义.mp3', 'https://pub-7be57e30faae4f81bbd76b61006ac8fc.r2.dev/%E5%A4%A7%E5%AE%89%E6%B3%95%E5%B8%88%E8%AE%B2%E6%95%85%E4%BA%8B/069-%E5%96%84%E5%AF%BC%E5%A4%A7%E5%B8%88%E7%9A%84%E6%95%85%E4%BA%8B%2066%E9%9B%86%20%E6%A2%B5%E5%83%A7%E6%8C%87%E6%8E%88%E7%8E%84%E4%B9%89.mp3', NULL, 69);
INSERT INTO episodes (series_id, episode_num, title, file_name, url, intro, story_number) VALUES ('daanfashi-jiangushi', 68, '感得舍利放光', '070-省庵大师的故事 70集 感得舍利放光.mp3', 'https://pub-7be57e30faae4f81bbd76b61006ac8fc.r2.dev/%E5%A4%A7%E5%AE%89%E6%B3%95%E5%B8%88%E8%AE%B2%E6%95%85%E4%BA%8B/070-%E7%9C%81%E5%BA%B5%E5%A4%A7%E5%B8%88%E7%9A%84%E6%95%85%E4%BA%8B%2070%E9%9B%86%20%E6%84%9F%E5%BE%97%E8%88%8D%E5%88%A9%E6%94%BE%E5%85%89.mp3', NULL, 70);
INSERT INTO episodes (series_id, episode_num, title, file_name, url, intro, story_number) VALUES ('daanfashi-jiangushi', 69, '一生念佛的境界', '071-省庵大师的故事 71集 一生念佛的境界.mp3', 'https://pub-7be57e30faae4f81bbd76b61006ac8fc.r2.dev/%E5%A4%A7%E5%AE%89%E6%B3%95%E5%B8%88%E8%AE%B2%E6%95%85%E4%BA%8B/071-%E7%9C%81%E5%BA%B5%E5%A4%A7%E5%B8%88%E7%9A%84%E6%95%85%E4%BA%8B%2071%E9%9B%86%20%E4%B8%80%E7%94%9F%E5%BF%B5%E4%BD%9B%E7%9A%84%E5%A2%83%E7%95%8C.mp3', NULL, 71);
INSERT INTO episodes (series_id, episode_num, title, file_name, url, intro, story_number) VALUES ('daanfashi-jiangushi', 70, '彻悟大师一生的行业', '072-大安法师故事 72集 彻悟大师一生的行业.mp3', 'https://pub-7be57e30faae4f81bbd76b61006ac8fc.r2.dev/%E5%A4%A7%E5%AE%89%E6%B3%95%E5%B8%88%E8%AE%B2%E6%95%85%E4%BA%8B/072-%E5%A4%A7%E5%AE%89%E6%B3%95%E5%B8%88%E6%95%85%E4%BA%8B%2072%E9%9B%86%20%E5%BD%BB%E6%82%9F%E5%A4%A7%E5%B8%88%E4%B8%80%E7%94%9F%E7%9A%84%E8%A1%8C%E4%B8%9A.mp3', NULL, 72);
INSERT INTO episodes (series_id, episode_num, title, file_name, url, intro, story_number) VALUES ('daanfashi-jiangushi', 71, '灵芝元照律师戒净双修', '073-大安法师故事 73集 灵芝元照律师戒净双修.mp3', 'https://pub-7be57e30faae4f81bbd76b61006ac8fc.r2.dev/%E5%A4%A7%E5%AE%89%E6%B3%95%E5%B8%88%E8%AE%B2%E6%95%85%E4%BA%8B/073-%E5%A4%A7%E5%AE%89%E6%B3%95%E5%B8%88%E6%95%85%E4%BA%8B%2073%E9%9B%86%20%E7%81%B5%E8%8A%9D%E5%85%83%E7%85%A7%E5%BE%8B%E5%B8%88%E6%88%92%E5%87%80%E5%8F%8C%E4%BF%AE.mp3', NULL, 73);
INSERT INTO episodes (series_id, episode_num, title, file_name, url, intro, story_number) VALUES ('daanfashi-jiangushi', 72, '道珍法师往生的故事', '074-大安法师故事 74集 道珍法师往生的故事.mp3', 'https://pub-7be57e30faae4f81bbd76b61006ac8fc.r2.dev/%E5%A4%A7%E5%AE%89%E6%B3%95%E5%B8%88%E8%AE%B2%E6%95%85%E4%BA%8B/074-%E5%A4%A7%E5%AE%89%E6%B3%95%E5%B8%88%E6%95%85%E4%BA%8B%2074%E9%9B%86%20%E9%81%93%E7%8F%8D%E6%B3%95%E5%B8%88%E5%BE%80%E7%94%9F%E7%9A%84%E6%95%85%E4%BA%8B.mp3', NULL, 74);
INSERT INTO episodes (series_id, episode_num, title, file_name, url, intro, story_number) VALUES ('daanfashi-jiangushi', 73, '大行禅师见琉璃地', '075-大安法师故事 75集 大行禅师见琉璃地.mp3', 'https://pub-7be57e30faae4f81bbd76b61006ac8fc.r2.dev/%E5%A4%A7%E5%AE%89%E6%B3%95%E5%B8%88%E8%AE%B2%E6%95%85%E4%BA%8B/075-%E5%A4%A7%E5%AE%89%E6%B3%95%E5%B8%88%E6%95%85%E4%BA%8B%2075%E9%9B%86%20%E5%A4%A7%E8%A1%8C%E7%A6%85%E5%B8%88%E8%A7%81%E7%90%89%E7%92%83%E5%9C%B0.mp3', NULL, 75);
INSERT INTO episodes (series_id, episode_num, title, file_name, url, intro, story_number) VALUES ('daanfashi-jiangushi', 74, '怀玉禅师上品上生', '076-大安法师故事 76集 怀玉禅师上品上生.mp3', 'https://pub-7be57e30faae4f81bbd76b61006ac8fc.r2.dev/%E5%A4%A7%E5%AE%89%E6%B3%95%E5%B8%88%E8%AE%B2%E6%95%85%E4%BA%8B/076-%E5%A4%A7%E5%AE%89%E6%B3%95%E5%B8%88%E6%95%85%E4%BA%8B%2076%E9%9B%86%20%E6%80%80%E7%8E%89%E7%A6%85%E5%B8%88%E4%B8%8A%E5%93%81%E4%B8%8A%E7%94%9F.mp3', NULL, 76);
INSERT INTO episodes (series_id, episode_num, title, file_name, url, intro, story_number) VALUES ('daanfashi-jiangushi', 75, '仲闵法师上品中生', '077-大安法师故事 77集 仲闵法师上品中生.mp3', 'https://pub-7be57e30faae4f81bbd76b61006ac8fc.r2.dev/%E5%A4%A7%E5%AE%89%E6%B3%95%E5%B8%88%E8%AE%B2%E6%95%85%E4%BA%8B/077-%E5%A4%A7%E5%AE%89%E6%B3%95%E5%B8%88%E6%95%85%E4%BA%8B%2077%E9%9B%86%20%E4%BB%B2%E9%97%B5%E6%B3%95%E5%B8%88%E4%B8%8A%E5%93%81%E4%B8%AD%E7%94%9F.mp3', NULL, 77);
INSERT INTO episodes (series_id, episode_num, title, file_name, url, intro, story_number) VALUES ('daanfashi-jiangushi', 76, '法持比丘中品往生', '078-大安法师故事 78集 法持比丘中品往生.mp3', 'https://pub-7be57e30faae4f81bbd76b61006ac8fc.r2.dev/%E5%A4%A7%E5%AE%89%E6%B3%95%E5%B8%88%E8%AE%B2%E6%95%85%E4%BA%8B/078-%E5%A4%A7%E5%AE%89%E6%B3%95%E5%B8%88%E6%95%85%E4%BA%8B%2078%E9%9B%86%20%E6%B3%95%E6%8C%81%E6%AF%94%E4%B8%98%E4%B8%AD%E5%93%81%E5%BE%80%E7%94%9F.mp3', NULL, 78);
INSERT INTO episodes (series_id, episode_num, title, file_name, url, intro, story_number) VALUES ('daanfashi-jiangushi', 77, '静蔼法师舍身护法', '079-大安法师故事 79集 静蔼法师舍身护法.mp3', 'https://pub-7be57e30faae4f81bbd76b61006ac8fc.r2.dev/%E5%A4%A7%E5%AE%89%E6%B3%95%E5%B8%88%E8%AE%B2%E6%95%85%E4%BA%8B/079-%E5%A4%A7%E5%AE%89%E6%B3%95%E5%B8%88%E6%95%85%E4%BA%8B%2079%E9%9B%86%20%E9%9D%99%E8%94%BC%E6%B3%95%E5%B8%88%E8%88%8D%E8%BA%AB%E6%8A%A4%E6%B3%95.mp3', NULL, 79);
INSERT INTO episodes (series_id, episode_num, title, file_name, url, intro, story_number) VALUES ('daanfashi-jiangushi', 78, '冬瓜和尚预知时至', '080-大安法师故事 80集 冬瓜和尚预知时至.mp3', 'https://pub-7be57e30faae4f81bbd76b61006ac8fc.r2.dev/%E5%A4%A7%E5%AE%89%E6%B3%95%E5%B8%88%E8%AE%B2%E6%95%85%E4%BA%8B/080-%E5%A4%A7%E5%AE%89%E6%B3%95%E5%B8%88%E6%95%85%E4%BA%8B%2080%E9%9B%86%20%E5%86%AC%E7%93%9C%E5%92%8C%E5%B0%9A%E9%A2%84%E7%9F%A5%E6%97%B6%E8%87%B3.mp3', NULL, 80);
INSERT INTO episodes (series_id, episode_num, title, file_name, url, intro, story_number) VALUES ('daanfashi-jiangushi', 79, '念佛感应故事 一集', '081-念佛感应故事 一集.mp3', 'https://pub-7be57e30faae4f81bbd76b61006ac8fc.r2.dev/%E5%A4%A7%E5%AE%89%E6%B3%95%E5%B8%88%E8%AE%B2%E6%95%85%E4%BA%8B/081-%E5%BF%B5%E4%BD%9B%E6%84%9F%E5%BA%94%E6%95%85%E4%BA%8B%20%E4%B8%80%E9%9B%86.mp3', NULL, 81);
INSERT INTO episodes (series_id, episode_num, title, file_name, url, intro, story_number) VALUES ('daanfashi-jiangushi', 80, '念佛感应故事 二集', '082-念佛感应故事 二集.mp3', 'https://pub-7be57e30faae4f81bbd76b61006ac8fc.r2.dev/%E5%A4%A7%E5%AE%89%E6%B3%95%E5%B8%88%E8%AE%B2%E6%95%85%E4%BA%8B/082-%E5%BF%B5%E4%BD%9B%E6%84%9F%E5%BA%94%E6%95%85%E4%BA%8B%20%E4%BA%8C%E9%9B%86.mp3', NULL, 82);
